Z-SCORE,Asset liability ratio,Current ratio,Cash ratio,EBITDA/interest bearing debt,ROA,ROE,Gross profit margin on sales,Net business cycle (days),Turnover rate of accounts receivable (Times),Inventory turnover rate (Times),Stock Volatility,Debt financing costs,Share pledge ratio of controlling shareholders,P/E ratio,P/B ratio,Stock price rise and fall in the last year,"Company nature (state owned assets 0, others 1)",Cluster,Risk Level
3.844693388,0.564089,0.011256,0.438025682,0.326338943,0.121959,0.19055,0.727484,140.8045,3.5295,2.3282,48.39023667,0.026496334,0.608350758,30.42292058,5.460896082,-0.133857077,1,0,High Risk
4.975553233,0.383526,0.017362,1.015668734,0.667316301,0.01557,0.034949,0.614608,103.6719,7.4687,2.9242,46.63957948,0.018958872,0.499388289,106.732585,3.636305993,-0.304963351,1,0,High Risk
4.088897027,0.497172,0.016252,0.519451254,1.222764084,0.164398,0.295278,0.326878,116.644,3.6095,3.9412,31.02512351,-0.001030489,0.0,12.81982971,3.392249668,0.906496404,1,0,High Risk
14.46424127,0.703506,0.009386,0.690661213,0.745375652,0.22971,0.598016,0.592294,-17.2788,925.2419,0.0,41.57271764,0.042444708,0.332565683,94.0221809,65.67141536,0.986820919,1,0,High Risk
17.19103996,0.227639,0.015631,0.734043965,5.277343328,0.193932,0.183931,0.316779,37.666,68.322,5.23,46.64431179,0.005236519,0.0,42.78559375,7.391967334,-0.098736495,1,0,High Risk
7.659316421,0.279777,0.024385,1.82484639,2.688664733,0.203055,0.257383,0.814182,-160.1434,12.1622,0.0,45.27603641,-0.015480509,0.0,13.58775317,3.461570048,-0.302292165,1,0,High Risk
33.45741598,0.300723,0.026264,1.92621384,0.0,0.250321,0.318011,0.649665,101.5043,13.5178,2.5377,35.75481918,-0.006132269,0.097592504,77.7875755,23.48776577,1.392251005,1,0,High Risk
14.26044648,0.145854,0.018316,1.238480074,7.60857059,0.159337,0.155464,0.631916,-58.393,115.7743,251.5263,22.78843395,0.009046055,0.263986369,25.38905506,3.767957049,-0.106616503,1,0,High Risk
8.791236338,0.166151,0.025203,1.222579317,1303.447378,0.133519,0.130679,0.419495,100.509,5.8829,2.7507,50.24460084,-0.002100311,0.763416768,19.06299952,2.489257419,0.423209706,1,0,High Risk
4.419920513,0.591444,0.014542,0.329020164,1.203152638,0.112651,0.238545,0.390825,314.2827,4.8424,0.9532,56.74979381,0.003032451,0.148949334,34.36664471,7.874248254,0.018711837,1,0,High Risk
23.20545013,0.457868,0.016925,0.210878973,1.420688575,0.303543,0.471753,0.389876,143.6357,2.7466,3.147,60.03428823,0.018859247,0.154525004,71.68511698,31.86885587,2.015266404,1,0,High Risk
111.3786465,0.045299,0.128008,1.922633409,219.0686487,0.209344,0.197602,0.746806,592.6167,5.1205,0.6375,23.22541399,0.065012145,0.999386666,46.82494361,9.005226398,0.255964573,1,0,High Risk
9.495609338,0.204852,0.042204,1.174676767,2.573665332,0.192204,0.184388,0.207799,136.8136,14.8296,2.8925,35.47193358,-0.008442957,0.139322476,14.09854343,2.520871034,-0.169615042,1,0,High Risk
5.941406242,0.314081,0.016762,0.989329933,2.262811673,0.168294,0.20617,0.375724,-9.4851,23.1977,15.4764,38.38821239,0.009535864,0.137291879,16.12743334,3.267265333,-0.533205726,1,0,High Risk
7.599340498,0.414529,0.020836,1.663536271,0.494277936,0.098199,0.139919,0.93421,-14.0304,13.6626,19.5768,43.18980143,0.014906254,0.088076574,53.39279696,7.591161276,0.059614203,1,0,High Risk
4.584429588,0.526728,0.013763,0.536665744,0.642108991,0.131375,0.273864,0.297161,29.8308,3.2786,3.868,49.03594095,0.011104764,0.263815563,31.9394149,6.761204448,2.148773735,1,0,High Risk
4.772635382,0.326054,0.013623,0.443364406,0.764985574,0.125058,0.145993,0.381701,112.5613,5.184,3.587,25.45497889,0.015862464,0.0,19.14744292,2.68123359,-0.176724434,1,0,High Risk
5.749351935,0.307295,0.012545,0.985279947,1.867099076,0.138804,0.15909,0.112997,-23.2366,41.3351,612.5713,39.98443304,0.001179445,0.060779282,17.63824898,2.709390147,0.192913053,1,0,High Risk
49.78555107,0.071666,0.093643,4.312032278,0.0,0.181083,0.181319,0.662755,100.1211,47.5554,2.8376,65.72042957,-0.145778982,0.022515811,44.1047889,6.205271772,0.516325224,1,0,High Risk
12.78490815,0.491123,0.020326,0.798946152,0.645387248,0.162645,0.282401,0.299121,126.3079,7.8264,2.8826,53.43884361,0.024764855,0.464437168,74.09243027,19.88112542,0.604402843,1,0,High Risk
26.15085139,0.207541,0.042179,3.072229277,1.6023266,0.149683,0.183709,0.925733,136.1435,34.43,0.8596,52.9836229,0.03925215,0.261566097,73.1599362,14.83495382,0.639095462,1,0,High Risk
39.64084345,0.314558,0.016932,1.008645903,1.373374298,0.174942,0.209608,0.510273,-12.5086,9.1766,13.4301,38.79201835,0.01848294,0.060314854,179.0576228,32.49047637,1.502700172,1,0,High Risk
15.64988447,0.207377,0.030661,1.086440259,0.0,0.260879,0.285958,0.467723,70.007,18.5461,4.0952,41.41829483,-0.016026456,0.610988548,20.78275896,6.132620729,0.153489419,1,0,High Risk
17.25330552,0.179798,0.016987,0.884594801,3.990378447,0.167651,0.156281,0.262829,5.7417,12.6851,30.0852,33.36257797,-0.009933117,0.301828886,35.43048295,5.711837319,-0.29226775,1,0,High Risk
5.065084271,0.324425,0.025488,0.552039467,7.078414988,0.143265,0.159421,0.397813,81.9585,9.3155,2.7833,39.77697584,-0.014102493,0.317743452,14.21955415,2.249729943,0.097470965,1,0,High Risk
8.42333189,0.312123,0.011813,0.489594145,0.446401537,0.10024,0.117604,0.646535,-70.1847,3.6767,0.0,44.36950719,0.019938747,0.592085041,50.86204119,5.876154629,0.211555783,1,0,High Risk
6.745515562,0.444735,0.014039,0.836933143,0.226823049,0.043768,0.068121,0.67853,26.0376,2.9716,61.6891,74.38728068,0.019090308,0.265215563,143.4140413,9.768172514,0.59587416,1,0,High Risk
4.864958691,0.415291,0.021716,1.041678943,9.733694859,0.096425,0.155897,0.2688,100.0476,3.3802,5.596,22.8810572,-0.004356422,0.132444815,30.20908122,5.814271545,-0.201206794,1,0,High Risk
17.30459562,0.159916,0.08511,6.902835023,1.681311114,0.119164,0.130447,0.67329,39.6121,3.9716,47.0405,48.93241801,0.012131434,0.080525597,51.46100775,9.369731348,-0.075447658,1,0,High Risk
16.54828,0.137755,0.045266,3.814714012,380.6802719,0.219058,0.230884,0.441089,14.4856,119.0672,8.5475,23.5348763,-0.054426202,0.037470557,15.83128036,3.798496185,-0.319839916,1,0,High Risk
6.011431943,0.281663,0.023021,0.200640824,1.584390906,0.104889,0.121901,0.310662,136.2101,25.709,2.1347,32.02821862,-0.009767403,0.25599774,23.02006971,2.839489396,-0.108421625,1,0,High Risk
18.91980536,0.093611,0.064671,3.570269534,122.2008458,0.065192,0.073337,0.385584,169.2263,9.2179,1.7862,42.76248076,-0.058188925,0.34285705,42.98012204,3.025490389,-0.471537535,1,0,High Risk
5.548821306,0.438083,0.015299,0.750975488,0.55711382,0.081816,0.121065,0.395064,125.1956,5.5358,3.6706,46.68561197,0.029364566,0.0,46.34734062,5.740622575,1.12730839,1,0,High Risk
4.150704612,0.469019,0.014467,0.669624679,3.255644412,0.103099,0.167602,0.236657,66.8005,8.7289,5.2608,42.87767178,-0.000414047,0.201367632,19.22809081,3.19951477,0.733706042,1,0,High Risk
17.72149603,0.419228,0.015564,0.720477082,17.41496629,0.203839,0.307118,0.513812,205.6494,11.0217,1.7244,45.23391473,0.00280361,0.180574705,74.45023023,24.16320228,1.538031298,1,0,High Risk
28.85915493,0.097375,0.074792,1.619135925,40.56873781,0.076397,0.090077,0.444534,329.7712,1.4617,1.8367,47.48172449,-0.000750882,0.258097067,74.05876371,5.087581146,-0.256694743,1,0,High Risk
23.17811347,0.365364,0.016339,1.350622173,4.271392399,0.247367,0.279402,0.460572,-27.3354,39.7321,78.9393,64.88250727,0.012716372,0.451345258,90.78933316,23.02794071,-0.276717372,1,0,High Risk
2.516084879,0.457578,0.009348,0.314753594,0.692314532,0.133773,0.197307,0.423692,67.5979,8.3994,3.1387,33.66387244,0.01039543,0.0,12.05593658,2.297298251,0.243472134,1,0,High Risk
22.5446994,0.164425,0.034734,1.892981789,33.85503956,0.120086,0.131427,0.787777,117.3215,4.1561,2.5837,46.22640789,-0.020400604,0.006373178,55.83951547,7.222490591,0.284194653,1,0,High Risk
3.647847031,0.510324,0.016933,0.331047292,1.43794707,0.116329,0.219138,0.371614,126.9958,2.6694,5.0914,53.9240048,-0.009159285,0.117649714,13.58123976,3.000807021,-0.488422406,1,0,High Risk
15.04836099,0.142016,0.058216,3.664958489,22.13310032,0.183723,0.201705,0.62615,104.7979,5.8747,4.1039,39.13079088,-0.017591953,0.337450206,17.87324301,3.414455445,0.282951211,1,0,High Risk
4.90216138,0.482906,0.013184,0.507344598,0.704995228,0.237838,0.394599,0.712478,93.2141,32.3573,2.5781,63.29601825,0.017649943,0.102014857,21.34121255,7.437080607,-0.128663582,1,0,High Risk
13.91319216,0.160251,0.044202,2.82382148,27.46711138,0.063424,0.070512,0.294504,98.5535,3.7995,4.1698,49.60341632,-0.048306514,0.522470299,70.9726523,6.203762122,-0.262709167,1,0,High Risk
6.509352577,0.386469,0.020153,1.557454572,3.547593488,0.114932,0.155868,0.377448,-16.8096,17.4752,6.2539,33.70331528,0.010265586,0.067048394,28.50037594,4.592773463,0.088978094,1,0,High Risk
16.58959168,0.162058,0.044903,2.984303529,0.0,0.153673,0.202345,0.484724,119.4272,2.9663,4.9156,54.72467496,-0.010359681,0.651504012,25.45115868,4.99544868,-0.299620715,1,0,High Risk
21.4892908,0.340567,0.017666,0.512939635,1.681732548,0.189168,0.23199,0.406556,93.2133,6.7691,2.4697,47.53108811,0.008398785,0.107864257,79.99178031,17.54410314,2.221086245,1,0,High Risk
7.905470601,0.407662,0.030145,1.126662454,1.77238752,0.230791,0.340921,0.41581,49.0378,3.2964,5.6141,27.92880374,-0.013414389,0.0,19.57697684,6.763382275,0.037862728,0,0,High Risk
5.646858812,0.323197,0.016456,0.218850265,74.72866778,0.097913,0.114067,0.161344,46.3502,156.6605,4.1687,31.11066484,-0.003750267,0.0,26.2962976,2.874167935,-0.268564261,1,0,High Risk
10.58792879,0.262024,0.02913,1.636032548,0.0,0.246246,0.26105,0.749735,605.6899,552.2637,0.5378,37.08187847,-0.005349984,0.031943468,19.15236295,5.020004482,0.582741671,1,0,High Risk
4.491426951,0.327618,0.019077,0.829724838,0.0,0.111795,0.152807,0.35956,5.5208,22.0588,9.8739,46.46120644,-0.019060223,0.118811158,14.07704547,2.124806141,-0.52380031,1,0,High Risk
7.199447065,0.33052,0.020378,0.381835779,0.0,0.148047,0.196313,0.330077,-41.4384,67.8019,10.5006,24.68030623,-0.000277597,0.695672119,18.90594997,3.262010359,-0.042536743,1,0,High Risk
17.26632692,0.201666,0.038562,2.477537946,2.507253235,0.209966,0.234567,0.700549,150.0948,2.4784,8.5151,36.9694138,-0.011289101,0.552695268,37.33899545,11.22464365,0.061125007,1,0,High Risk
20.67778344,0.166312,0.029743,0.779570551,0.404633946,0.032911,0.032508,0.589931,386.5053,11.1754,0.8986,114.1311084,0.057391479,0.618934757,202.6957151,6.566286105,2.124649299,1,0,High Risk
10.42175776,0.370427,0.020483,0.993626726,1.759167815,0.255893,0.355032,0.431203,30.5812,9.4503,9.3805,61.76025767,0.033397738,0.289325539,21.8359781,7.062396635,1.081942766,1,0,High Risk
6.879899453,0.361665,0.015697,0.296347047,10.55913331,0.257096,0.323657,0.280179,-72.5453,32.0855,314.5757,35.95162825,-0.002618733,0.194955168,19.23531786,4.829168287,-0.133517528,1,0,High Risk
6.776269692,0.393744,0.015214,0.361137125,4.253468793,0.127465,0.185386,0.21706,60.5539,33.9202,5.3816,66.79945918,-0.011030425,0.220685827,30.60885885,5.366746114,0.6718161,1,0,High Risk
7.792445004,0.378613,0.022397,0.773017445,29.48971295,0.099046,0.156079,0.341486,206.5156,3.7546,2.4279,44.57013991,-0.003545574,0.402054484,39.92185389,6.221640505,0.154550827,1,0,High Risk
10.39160778,0.317324,0.030667,1.224760269,0.605200084,0.077291,0.101491,0.517082,208.1019,1.6447,567.9036,54.19563789,0.018799676,0.493931557,73.07880657,7.454997608,0.899511728,1,0,High Risk
9.805883456,0.362285,0.01838,1.145526795,0.0,0.137886,0.202277,0.426307,123.9097,4.11,2.9861,51.25226579,-0.007514447,0.067923609,41.90321459,8.015630784,-0.122955809,1,0,High Risk
7.584397069,0.426265,0.017356,0.332892239,0.0,0.135702,0.220072,0.451086,-11.9434,1860.3124,8.3775,76.69607228,-0.001008525,0.196402617,45.89937503,7.185993473,1.907451702,1,0,High Risk
4.072317477,0.48312,0.018907,0.831021016,0.817258803,0.090234,0.136573,0.415244,69.988,15.4812,3.022,20.6106182,0.01611325,0.0,26.99737956,4.214341658,-0.045351474,1,0,High Risk
4.965398113,0.527812,0.01179,0.389268675,2.737003251,0.117796,0.183611,0.416454,73.8994,33.8449,2.87,43.9328257,0.009277828,0.0,29.99131293,5.435726537,-0.216802168,1,0,High Risk
9.988289644,0.175341,0.025561,0.736656613,1.319509283,0.125386,0.128953,0.329517,159.4265,2.7531,4.2775,29.87538028,0.020182284,1.0,26.3583177,3.419370826,-0.159265609,1,0,High Risk
8.888682401,0.238699,0.033939,1.494537898,0.914996364,0.035796,0.039531,0.244696,224.6215,3.6311,1.7485,46.17358874,0.008987246,0.332750233,119.048887,4.138868078,0.459227631,1,0,High Risk
4.978816463,0.189662,0.016745,0.474110564,1.112559193,0.083699,0.092163,0.29193,149.1741,5.9334,2.8487,26.15550009,0.004074926,0.522438751,16.37621124,1.483339499,-0.007708272,1,0,High Risk
3.989792623,0.676413,0.010018,0.203442547,0.595379456,0.113884,0.265432,0.38834,1.7635,5.2364,9.4964,42.27053768,0.001994003,0.320414377,37.01050721,9.712410136,2.06027672,1,0,High Risk
7.559028161,0.329801,0.035679,2.66961134,1.144612558,0.21557,0.263381,0.331135,36.6919,39.726,5.6104,47.93414496,0.008043479,0.0,18.74901404,4.884742121,0.158399414,1,0,High Risk
8.197125728,0.447798,0.015299,0.694534672,2.74565003,0.129001,0.202218,0.265389,45.1602,7.0677,5.6243,44.98623644,-0.003484026,0.471382078,43.27809321,8.497828427,0.579101076,1,0,High Risk
13.62947052,0.103466,0.040059,1.433416574,2.761768804,0.089884,0.091435,0.646908,335.8996,2.3927,1.2803,27.97176884,-0.014630058,0.253677843,26.78110171,2.47432867,-0.201125176,1,0,High Risk
5.193339061,0.335725,0.015644,0.295081239,1.253982352,0.101459,0.121846,0.355142,134.5392,3.1937,4.5217,37.85574632,0.014349632,0.089798919,28.18802006,3.425593739,-0.117272368,1,0,High Risk
6.541601322,0.383905,0.030666,0.513859576,0.456752345,0.132751,0.188912,0.5238,1061.4552,4.1497,0.3364,37.85682274,-0.0334378,0.0,26.74288852,4.888992352,-0.418410608,1,0,High Risk
6.51165124,0.553363,0.012078,0.421857865,0.890069498,0.149742,0.309618,0.288535,78.2618,6.1191,3.801,78.2561373,0.008091768,0.193906998,54.74015336,18.40559756,2.053291147,1,0,High Risk
15.39996853,0.227555,0.025625,2.216325382,0.0,0.043523,0.030983,0.654518,-24.8254,8.9358,19.7245,53.71808808,-0.021347526,0.654045756,209.225562,6.483476,0.986945276,1,0,High Risk
14.71862891,0.285821,0.024704,0.283755375,1.581114538,0.172605,0.213151,0.698744,247.6933,3.6173,1.6099,51.62064372,-0.005535974,0.062423077,43.62327057,8.981887298,-0.001084481,1,0,High Risk
11.76203216,0.180099,0.033329,1.617591687,73.8476332,0.079571,0.094936,0.542207,145.5747,1.8118,3.0716,44.54555619,-0.019402273,0.630186032,41.94910534,3.982546278,0.120536093,1,0,High Risk
22.54572474,0.280106,0.019288,0.665452122,3.244439337,0.193644,0.226867,0.515919,197.5097,11.5478,1.8257,49.70446589,-0.003197514,0.188829894,65.05915586,14.24835427,0.651782074,1,0,High Risk
5.007008121,0.366101,0.017108,0.293625128,0.707998791,0.092013,0.101806,0.61284,459.5534,22.7499,0.6953,66.61170087,0.022943761,0.711538136,33.58371356,3.412634987,0.641109604,1,0,High Risk
15.1830175,0.330891,0.021996,0.332136439,1.170096096,0.097511,0.11894,0.400421,378.8876,1.4094,1.5945,79.59940597,0.003881271,0.258219617,98.53852738,11.17823415,0.763006177,1,0,High Risk
19.70750571,0.08862,0.05679,3.164373727,-16.96754974,-0.076738,-0.080043,0.191047,697.3448,2.8603,0.5144,43.70573358,-0.031447892,0.457416462,-35.63674866,2.839917423,-0.302562311,1,0,High Risk
17.28168327,0.417094,0.01962,1.464064658,0.353381353,0.080917,0.116059,0.464162,119.4811,2.9584,40.1066,90.31796557,-0.012796481,0.294595997,175.1876689,19.87201556,0.60931171,1,0,High Risk
12.7951161,0.191254,0.055655,2.660883105,1.048211541,0.086654,0.093537,0.801846,473.3738,1.2669,1.3154,48.0959935,0.043047592,0.78591387,56.56184448,4.680643863,-0.274327276,1,0,High Risk
5.357855462,0.500541,0.014289,0.622832785,29.58170325,0.119884,0.200759,0.425386,3.0086,14.1237,7.8175,39.80008704,-0.011282597,0.531746032,28.81102131,5.952246126,0.466257503,1,0,High Risk
24.259071,0.310781,0.015716,0.885437392,1.973312703,0.152633,0.219554,0.609525,-86.8875,6.5921,0.0,109.6616054,-0.062397394,0.73863675,113.7554091,18.55492495,6.955268005,1,0,High Risk
6.293642818,0.467554,0.016703,0.465497432,0.940636607,0.173363,0.2633,0.240002,57.7978,6.9789,9.8401,78.0777971,0.01750107,0.421919456,36.76442368,12.38426525,1.650318634,1,0,High Risk
14.78550723,0.20707,0.043958,1.217224203,11.95561605,0.241762,0.301951,0.430267,38.485,3.5987,4.9052,138.6348904,-0.044074596,0.588438141,24.72765781,5.729882385,0.985777778,1,0,High Risk
5.975997714,0.369781,0.015896,0.483831696,0.991321817,0.138946,0.188596,0.334943,59.1882,5.7961,4.8939,40.60879552,0.017214143,0.460336011,23.421624,4.20714343,0.748567203,1,0,High Risk
5.940718795,0.492626,0.012749,0.369713714,0.569806643,0.125603,0.213153,0.228821,64.7873,3.9438,5.8579,43.7211145,-0.006348182,0.008534427,37.2517955,7.785151463,0.757432175,1,0,High Risk
3.358611879,0.354881,0.015355,0.674688749,0.428035198,0.080149,0.094675,0.74748,63.9494,10.3607,3.1382,29.47717178,0.027680007,0.068345852,20.92100319,1.922931762,-0.379678275,1,0,High Risk
8.32264458,0.26643,0.035826,0.983897871,2.404493334,0.117271,0.134789,0.516695,77.2879,23.0081,2.5752,64.11096903,0.012667724,0.0,37.66329157,3.572218276,0.46820537,1,0,High Risk
19.86720304,0.164378,0.037692,1.769423195,26.20269536,0.271821,0.280691,0.752216,154.96,4.7453,2.8611,26.05200601,-0.029314868,0.169371798,21.90289166,6.115478135,-0.03321734,1,0,High Risk
10.80842704,0.124419,0.043185,1.343288963,56.27796017,0.110314,0.107403,0.374148,157.7025,4.9457,2.4687,41.53861815,-0.032892584,0.833894231,21.13235083,2.21521193,-0.136701405,1,0,High Risk
6.431724151,0.260811,0.027704,1.457463392,7.876579064,0.114475,0.139414,0.431814,125.7397,9.49,2.3549,31.94281445,-0.039990706,0.18400211,17.62457083,2.538837452,0.260356662,1,0,High Risk
6.882244828,0.171388,0.027359,1.611279629,6.842367329,0.053917,0.071097,0.268952,33.7135,5.4266,5.1161,37.80281691,-0.069681539,0.790686158,28.45607224,2.015829813,-0.325008692,1,0,High Risk
7.948929621,0.309441,0.017883,0.909414231,0.992020214,0.053592,0.062062,0.296501,23.4937,5.499,6.3195,58.79479787,-0.013575481,0.316884752,84.10534533,4.991297615,1.286320462,0,0,High Risk
12.5804784,0.309924,0.021629,0.579868588,1.413460126,0.108369,0.116029,0.461099,252.6387,2.4647,1.843,55.26373227,0.005072183,0.112833333,79.93431165,9.334261229,-0.198380567,1,0,High Risk
10.4101148,0.569491,0.006126,0.245153129,0.230311744,0.072515,0.042111,0.867484,-108.8372,12.4,5.9677,102.3886803,0.052469059,0.0,576.8246439,23.42938278,1.376360994,0,0,High Risk
6.059181627,0.273845,0.014956,0.447750703,1.088260358,0.09104,0.117024,0.412325,55.0512,4.6373,5.9947,56.34452411,0.012950703,0.296560792,28.17089117,3.537640575,0.487998939,1,0,High Risk
3.076067846,0.227228,0.024495,1.504173536,0.874361941,0.067421,0.079926,0.20906,71.5901,12.4372,4.2974,38.99010493,-0.015146597,0.084280784,10.89083108,0.848868961,-0.243897248,1,0,High Risk
11.94627366,0.26257,0.038866,1.226923782,1.407256089,0.105266,0.14184,0.434153,85.9732,2.4992,9.2193,50.63093467,-0.003166609,0.497480513,45.71553737,7.120666352,1.545160997,1,0,High Risk
5.252031613,0.605996,0.0124,1.073924573,0.176910569,0.08313,0.226872,0.890604,-101.8308,46.0368,125.8805,53.92530398,-0.001800318,0.0,54.98414786,11.12010904,0.176153846,1,0,High Risk
28.98036492,0.17355,0.043977,2.630536072,0.0,0.092993,0.128004,0.401125,137.7015,2.5083,694.4758,105.4963077,-0.066670526,0.0,76.77463276,9.252703339,1.225489281,1,0,High Risk
4.050950005,0.314665,0.024361,0.960744468,0.804434653,0.025286,0.055516,0.42847,152.2438,8.9623,1.7923,87.66541584,-0.031772685,0.558585449,37.83459554,2.098675765,0.520479357,1,0,High Risk
29.42485377,0.11499,0.058333,2.675042351,0.0,0.142845,0.143769,0.68298,201.6352,2.2434,2.0721,49.47697043,-0.007661185,0.0,43.56032335,6.113939041,0.6465807,1,0,High Risk
6.862323123,0.207952,0.017375,1.625741043,2.108482148,0.053546,0.048548,0.50025,-107.5138,40.2175,32.3681,47.04672765,-0.000149758,0.0,63.73740132,2.843856216,0.071573334,0,0,High Risk
17.04861823,0.213318,0.041691,1.163084856,10.55877662,0.097418,0.107767,0.377127,180.3769,2.8645,2.5809,57.41774973,-0.015878726,0.278444444,66.50621257,6.949957296,0.022907522,0,0,High Risk
14.41375705,0.218592,0.038328,0.436360713,2.897916985,0.063439,0.070309,0.316471,125.1529,2.9581,3.5227,51.89199993,0.011604254,0.0,131.1619079,6.338797206,-0.106648575,1,0,High Risk
9.29813164,0.184031,0.047197,0.753928127,0.0,0.126525,0.141695,0.667427,241.879,14.4439,1.1051,51.31322091,-0.005300081,0.257878053,25.93437854,2.840554778,0.483909416,1,0,High Risk
7.021637902,0.446608,0.014383,1.145127766,0.40762309,0.102276,0.142625,0.397636,50.4391,8.076,10.387,53.80171438,0.012127135,0.384820712,58.30916867,8.217300299,-0.130094226,1,0,High Risk
9.12394826,0.246856,0.018185,0.541582398,1.506388214,0.065103,0.068461,0.587313,185.5964,2.7971,2.0161,89.66247104,-0.001480473,0.138074253,70.90732182,4.726739498,1.06634051,1,0,High Risk
12.18799012,0.172832,0.059986,1.250007019,1.935239272,0.197589,0.195733,0.360014,107.7337,6.4551,5.7341,57.52813973,-0.056460046,0.065138212,18.75979278,3.584553808,0.10726632,1,0,High Risk
9.423497158,0.307596,0.019963,0.69611579,3.07006761,0.116429,0.118653,0.373271,84.0484,4.5217,5.5916,29.48930337,0.008705685,0.386094946,52.3961522,5.948659549,-0.376274985,1,0,High Risk
34.66931554,0.082133,0.120158,8.234218508,15.91790362,0.075573,0.088679,0.765177,404.2517,1.7677,0.8522,46.45177216,-0.02450145,0.36992509,76.59737501,10.20244332,-0.327439363,1,0,High Risk
8.64575462,0.385819,0.020248,0.620332362,0.102148438,0.014182,0.025835,0.241534,105.9745,2.916,21.0258,76.16433583,-0.002561263,0.09417813,355.1746894,10.89011431,-0.35337931,1,0,High Risk
7.89787052,0.275492,0.020288,1.23723544,4.873192871,0.108765,0.136526,0.32869,66.6214,5.3798,2.9849,63.74456999,0.016059986,0.046639038,42.02857767,4.342884995,-0.062222222,1,0,High Risk
21.45239938,0.217873,0.037932,0.386878254,2.342408998,0.266913,0.302212,0.619927,453.6036,2.0222,0.9963,78.41196598,0.012528198,0.426326105,32.32931881,9.132618719,1.48518245,1,0,High Risk
9.974337939,0.268691,0.033809,1.638129684,0.0,0.083536,0.109028,0.457227,299.5463,1.2741,1.3754,54.40537726,-0.020696636,0.22790168,47.91330886,5.251517859,-0.359596181,1,0,High Risk
6.258137249,0.387091,0.016232,0.354383735,0.548673371,0.07655,0.102664,0.360297,341.8811,2.2945,1.3024,61.85460003,0.019004109,0.120455735,65.69752235,5.685504077,0.882224598,1,0,High Risk
41.23177599,0.085926,0.073849,4.741433312,18.18457634,0.153437,0.149598,0.432043,76.9699,17.0996,3.3915,47.85764185,-0.147036535,0.231191767,43.79568464,6.489236507,-0.320752235,1,0,High Risk
8.898064604,0.361767,0.018836,0.831052531,6.987695377,0.183332,0.237469,0.783212,441.3984,7.2201,0.7519,53.04718596,-0.011088519,0.495550859,41.14207751,9.354381088,0.388363211,0,0,High Risk
61.47935245,0.111796,0.070121,3.434832855,2.233489017,0.050766,0.043027,0.733174,311.8746,2.9776,1.6024,105.4765858,0.014609626,0.129364254,360.2415587,16.89612866,1.409392966,1,0,High Risk
8.453393908,0.142466,0.038303,1.898568559,6.742686242,0.103159,0.112351,0.291328,51.0367,6.3383,7.9563,25.44343582,-0.005761441,0.037542291,16.61025932,1.832452075,0.295107898,1,0,High Risk
20.61749414,0.221769,0.032149,2.873504939,2.443174581,0.141845,0.158145,0.948504,16.1967,48.5863,11.238,67.02936613,0.001010182,0.059931534,57.4727123,8.528186804,0.411392604,1,0,High Risk
4.620854985,0.317795,0.025769,0.943001224,0.858004597,0.051808,0.070944,0.454099,164.5324,2.0059,3.2009,39.48405903,-0.01697851,0.216459333,38.91679095,2.804223226,0.057337593,1,0,High Risk
9.627571504,0.396935,0.015599,0.525357375,4.093222829,0.1118,0.150957,0.372242,63.673,12.469,3.4944,124.8334623,0.004989976,0.0,78.78938624,8.846371171,3.32480195,1,0,High Risk
7.052386914,0.356177,0.021322,0.93850369,3509.13924,0.076016,0.107669,0.207549,89.8009,4.1613,3.6948,42.61415598,-0.004783169,0.0,51.52930112,5.016594744,0.108449059,1,0,High Risk
16.41752514,0.202109,0.027075,1.336361702,0.0,0.055992,0.063869,0.282044,28.0037,2.7848,4.6464,93.87708625,-0.034014984,0.644184909,160.3804137,22.64504589,2.289560484,1,0,High Risk
16.38000362,0.215864,0.031057,1.456280975,0.286826634,0.030387,0.042369,0.365285,428.0351,1.1934,1.6407,96.33691012,0.032672341,0.865970859,198.897311,9.237645095,2.209158785,1,0,High Risk
6.020020886,0.367266,0.011027,0.120415083,2.377833631,0.123124,0.151776,0.63673,128.5106,5.9714,3.6274,54.74245155,0.004359153,0.389546477,32.95208643,4.893916567,0.409391534,1,0,High Risk
6.323379844,0.442559,0.018581,0.484616188,0.867589605,0.110419,0.148836,0.364445,109.9627,1.7821,6.7927,60.24910618,0.003171119,0.17359464,44.68268879,6.334777124,0.82538928,1,0,High Risk
14.54311776,0.173169,0.034401,0.947741689,31.4276074,0.124397,0.160933,0.155981,33.5086,58.0921,6.5807,53.99716403,-0.001923358,0.0,36.47676583,4.508106747,0.273548387,1,0,High Risk
8.965706464,0.382188,0.027216,0.771815869,0.91011667,0.073326,0.101662,0.357474,174.5781,2.8551,2.6675,42.44204116,0.011211038,0.0,76.03137322,7.434241851,0.742674282,1,0,High Risk
5.831961763,0.38333,0.010323,0.444902317,0.997492248,0.164147,0.254523,0.406829,59.5687,13.2783,7.6724,40.15818633,0.017803265,0.150907431,16.02629303,3.918095572,-0.062486769,1,0,High Risk
8.990495498,0.293547,0.021901,0.489421163,3.648755768,0.096793,0.116459,0.477934,189.7792,4.7505,1.7215,93.87747451,-0.000732978,0.0,44.6548069,5.324715679,1.314831685,1,0,High Risk
16.03728785,0.217961,0.016369,0.986267336,0.0,0.150557,0.153137,0.682684,-77.1018,13.029,5.6274,47.64992799,-0.009770782,0.442681012,45.46732787,7.077620259,1.657527658,1,0,High Risk
4.471397568,0.357134,0.040971,3.423998077,15.55765782,0.121392,0.192387,0.500001,-97.0972,12.8212,15.445,34.13328502,-0.037763747,0.0,22.25587394,3.021986187,0.401430123,1,0,High Risk
3.76475204,0.348509,0.0205,0.334500125,41.11701903,0.117551,0.151605,0.298265,126.3,1.9655,26.3657,42.72684273,-0.0002346,0.197186758,10.39338635,1.522881596,0.319111113,1,0,High Risk
17.7347359,0.136874,0.06715,2.30007496,31.2779322,0.118681,0.119089,0.483451,319.011,2.219,1.8815,37.30338422,-0.026709649,0.178377952,35.96249977,4.280637455,-0.251795204,1,0,High Risk
3.906074036,0.406213,0.014573,0.608882387,1.330221976,0.129875,0.209088,0.193395,35.4978,8.1602,5.8358,35.5020217,-0.011886539,0.155309237,8.79884803,1.715615518,-0.164106352,1,0,High Risk
10.41361077,0.230045,0.033331,1.197996446,19.97644519,0.095323,0.114678,0.453216,207.9612,1.6306,3.9712,45.44795785,0.000194113,0.381209913,42.59780231,4.499667213,0.404115226,1,0,High Risk
20.02316207,0.231562,0.037674,0.482959732,0.0,0.151334,0.195569,0.521835,93.5697,5.9576,3.8308,46.15232551,-0.001015467,0.06166479,48.40208902,9.761001808,-0.181220464,1,0,High Risk
29.13424534,0.120009,0.032867,0.820682476,9.121185297,0.021091,0.022452,0.215063,99.28,6.112,5.1171,71.59490722,0.057415544,0.186633486,284.6977015,6.264454622,0.149140381,1,0,High Risk
7.00904409,0.366531,0.027285,0.908873083,1.694451026,0.09061,0.128357,0.54271,160.9932,3.2608,3.2974,50.10834445,-0.008735125,0.209384027,40.42454569,5.135959127,-0.215752652,1,0,High Risk
4.14714171,0.390094,0.012172,0.200878959,0.326613674,0.078057,0.110981,0.772646,178.4671,4.773,1.637,68.30564011,0.015563122,0.590493708,30.11978588,3.392320572,0.112316142,1,0,High Risk
15.55585647,0.118194,0.057379,1.739946274,16.07126714,0.103809,0.109112,0.383789,132.6397,4.0,3.1762,43.12644427,-0.084707866,0.0,29.9218508,3.175860942,-0.518392553,1,0,High Risk
8.480719779,0.266068,0.064952,4.78057021,0.899571128,0.129461,0.143033,0.472815,117.6525,50.2119,2.8264,37.51415312,-0.014596437,0.335190111,27.541294,3.827201282,0.046158129,1,0,High Risk
13.82355789,0.254698,0.042578,1.016676735,0.340303602,0.023012,0.025752,0.453786,839.1555,1.2734,0.5334,57.56177756,-0.002538283,0.0,288.3798855,7.421126159,0.499285374,1,0,High Risk
13.82475929,0.316671,0.024897,1.544326115,9.399666666,0.356577,0.408977,0.198549,8.011,21.4139,42.7589,59.23268423,0.004532311,0.0,36.66694931,63.37568826,-0.148463723,1,0,High Risk
12.83956226,0.2457,0.020746,0.304252608,1.114061798,0.086787,0.097681,0.325261,168.3504,5.811,1.8622,61.40722277,-0.011811364,0.2031512,78.74909098,9.207566439,1.17209869,1,0,High Risk
23.80196985,0.104406,0.141922,7.42437705,2.575766928,0.106549,0.107944,0.407365,274.5742,4.2832,1.4566,60.10446682,0.013277105,0.077596659,44.13183388,4.403895941,0.27027027,1,0,High Risk
8.824104615,0.365517,0.02478,1.25771252,2.19927463,0.119866,0.194183,0.266686,26.5921,4.323,9.9683,60.06743259,-0.000749388,0.293965876,49.48330157,15.22228104,1.274753072,1,0,High Risk
27.66412898,0.197161,0.036363,3.068711131,0.0,0.173318,0.191618,0.922277,-536.9987,5.6503,1.0917,42.07007568,-0.026718674,0.358347386,57.42728944,10.906359,0.22641112,1,0,High Risk
8.727174685,0.34361,0.015619,0.638695954,0.942379045,0.097086,0.141937,0.352656,64.134,3.9304,5.3219,111.3141254,-0.00581289,0.0,48.36615369,6.659909556,0.686462003,1,0,High Risk
14.81719358,0.350297,0.016601,0.551503112,1.525275478,0.341914,0.408702,0.51098,137.4225,10.5351,2.1746,87.24779542,0.017225749,0.36324685,51.84305138,18.38186075,2.296197122,1,0,High Risk
8.350218247,0.461749,0.022137,1.428169114,1.44883503,0.293874,0.408892,0.600696,76.4098,6.0147,4.9572,59.22351192,0.041164049,0.596795568,24.60757709,7.620266567,0.909320679,1,0,High Risk
4.482312247,0.441462,0.009385,0.284020867,0.61822957,0.163818,0.220837,0.50549,91.3995,6.3446,4.6526,48.1383705,0.006201788,0.414431179,23.88208454,5.02057884,-0.076249508,1,0,High Risk
4.741001096,0.270035,0.017682,0.418518336,1.326955638,0.106569,0.121463,0.382619,72.6828,5.648,4.9039,19.24791755,0.012758088,0.550395481,15.96147485,1.926705975,-0.101816556,1,0,High Risk
6.600271656,0.456288,0.013365,0.273498376,0.585349216,0.069363,0.126171,0.340241,140.7798,5.2351,2.271,108.0005041,0.019614561,0.0,77.02095991,7.45392884,2.548048048,1,0,High Risk
15.15370774,0.242916,0.024083,1.043519188,0.0,0.117956,0.138962,0.335562,83.3292,6.5532,3.1879,51.55731992,0.004173453,0.306812704,52.86240509,7.266677563,0.755071958,0,0,High Risk
5.160653624,0.283937,0.022482,0.603389257,7.852524202,0.24713,0.291338,0.211469,23.9623,18.259,12.9274,43.73715052,0.002780271,0.506503561,5.837422412,1.585572192,-0.509223301,1,0,High Risk
9.655664048,0.385345,0.012428,0.451573656,0.969305335,0.155326,0.206834,0.476924,42.3907,8.3191,5.3575,77.8404351,0.023917309,0.072205474,46.09143285,9.258721824,0.585544946,1,0,High Risk
8.803105113,0.193903,0.045828,1.534037872,0.625660711,0.034489,0.038971,0.325201,510.8271,0.7293,4.329,44.21300544,0.018583648,0.556736142,73.38857799,2.78922332,-0.213687281,1,0,High Risk
3.816737716,0.45693,0.023382,1.519383363,0.501398233,0.089832,0.137573,0.268358,-39.0214,20.8048,7.247,31.68083342,0.024333172,0.0,19.75032212,2.790660967,0.11955836,1,0,High Risk
18.24010089,0.154367,0.051221,2.06730399,0.0,-0.008742,0.003805,0.294593,209.8586,3.1876,2.0122,43.462637,-0.056096781,0.441071429,1317.634014,4.726775754,-0.256487026,1,0,High Risk
8.352876121,0.371599,0.021375,0.238388825,1.345874394,0.105177,0.14191,0.416155,295.6832,1.9951,1.3826,50.05102545,-0.005578683,0.0,47.83076425,6.700619182,0.15506653,1,0,High Risk
9.095842591,0.104601,0.029945,2.073403908,15.12320338,0.03284,0.031472,0.53043,-80.7959,3.7926,14.7244,28.25080462,-0.029627668,0.943962562,51.82460327,1.622742192,-0.476854378,1,0,High Risk
5.749926145,0.380666,0.033188,1.585289054,0.479908791,0.117725,0.184312,0.348999,133.1079,2.8479,17.6934,49.8320992,0.01132299,0.362563546,28.28638273,5.258148277,0.47264925,1,0,High Risk
6.193460764,0.301934,0.026807,0.902723912,0.55045908,0.055137,0.070042,0.142011,138.6526,3.3489,5.6184,59.59464095,-0.006009348,0.0,59.34876281,3.262720002,-0.36993157,1,0,High Risk
8.751375423,0.312117,0.022905,1.252345393,1.040342215,0.076933,0.099893,0.320477,75.9461,4.3867,4.312,60.49702283,-0.001094825,0.308191157,59.50976038,5.866269196,1.354482297,1,0,High Risk
9.706219644,0.247092,0.025838,0.991118529,2.709606358,0.051783,0.043301,0.140173,93.9931,11.037,3.4355,69.15134086,-0.022484808,0.146878161,115.4287753,4.971698345,-0.251341117,1,0,High Risk
17.87934493,0.130804,0.051947,2.672975913,1.677373426,0.003912,0.009172,0.439894,435.3396,1.5192,1.4318,59.77594896,0.003270661,0.432841563,468.0832982,4.30389111,0.160214537,1,0,High Risk
13.58100573,0.169366,0.040709,0.370785429,0.0,0.124271,0.129647,0.386241,1.1923,15.8631,5.2067,20.64215388,-0.000893832,0.518578476,31.30201779,3.922450651,0.019653244,1,0,High Risk
5.448651906,0.215113,0.012572,0.458127878,4.439209213,0.158477,0.177109,0.350504,32.2909,11.7229,5.4215,48.23313747,-0.01558416,0.087529973,10.15429793,1.744957582,-0.136804238,1,0,High Risk
32.5632646,0.068444,0.110147,5.618197422,46.62088024,0.121111,0.121096,0.668496,344.034,3.9553,1.1312,50.97949751,-0.038779975,0.086280329,32.26540267,3.861706753,0.022802387,1,0,High Risk
38.14912714,0.089644,0.109087,1.744358277,0.0,0.196907,0.177095,0.667273,519.5581,1.8299,0.9228,47.18026,-0.029959872,0.035865057,35.94192537,6.200859924,0.4669967,1,0,High Risk
4.152665012,0.329967,0.027579,0.450436922,0.531941101,0.06395,0.077716,0.577268,319.3301,1.9335,1.598,60.17588173,0.01284322,0.365001654,27.33757924,2.095348028,-0.158724234,0,0,High Risk
10.34943159,0.13832,0.042621,0.917667849,1.20140067,0.035159,0.033786,0.441993,200.5057,6.7639,1.765,66.13778275,-0.002024545,0.79672139,82.3411815,2.517164259,-0.07179568,1,0,High Risk
13.09998046,0.158103,0.031652,0.845844531,0.0,0.088814,0.09178,0.625523,181.8746,1.8382,3.1296,44.29554623,0.01633336,0.385418341,42.63983751,3.932030272,-0.130159064,1,0,High Risk
12.99669462,0.32609,0.024455,0.645285506,0.0,0.075826,0.11608,0.348077,379.5353,2.6483,0.9835,123.7633638,-0.000433435,0.441486111,105.7887045,9.562547174,3.931147541,1,0,High Risk
9.589538367,0.116108,0.064058,1.476501064,66.85630413,0.083202,0.081686,0.661272,215.4791,7.3612,1.4488,32.32388348,-0.016998479,0.227053297,21.0572532,1.666353616,-0.318212901,1,0,High Risk
11.73620433,0.092349,0.096918,6.343619851,24.84792476,0.089926,0.070359,0.488953,149.726,7.9146,1.8634,40.34219967,-0.007958754,0.173543717,23.58936603,1.637840807,-0.248993397,1,0,High Risk
4.204473857,0.380562,0.022147,0.405678778,3.466179528,0.061427,0.091198,0.387063,670.9561,1.9444,0.6568,42.22909547,0.00149844,0.288042005,33.28455285,3.016716898,-0.088411473,1,0,High Risk
5.060727138,0.310141,0.025808,0.349717362,2.173625394,0.079703,0.104932,0.435244,362.732,2.0919,1.0083,38.82028453,0.008529442,0.0,25.41861135,2.59619345,-0.32155001,1,0,High Risk
12.42932985,0.416985,0.014941,0.300223689,0.426248813,0.095352,0.123278,0.307777,213.6827,5.3588,2.0585,102.7042755,0.028020409,0.774634361,121.6506626,14.44811294,2.531248578,1,0,High Risk
5.218443145,0.363497,0.012004,0.550091435,0.470879292,0.062553,0.081534,0.630164,190.4588,74.3247,1.5348,66.86101984,0.007670879,0.639446873,53.55729097,4.596933695,0.546788991,1,0,High Risk
6.267728067,0.250996,0.034345,1.031304143,16.21235243,0.097074,0.108322,0.310121,111.0182,2.3473,4.3067,47.15121992,-0.052909372,0.289567964,23.54982835,2.514730936,-0.300687047,1,0,High Risk
3.48629064,0.334051,0.023714,0.46233239,5.972191428,0.085879,0.114409,0.216323,103.197,3.9164,4.1139,42.35484361,-0.000394112,0.208925381,11.79280672,1.318501182,0.186132164,1,0,High Risk
24.84734077,0.177124,0.038032,0.623294793,0.0,0.13043,0.126279,0.375871,29.194,50.8032,6.0649,155.0754522,0.012627489,0.0,85.19890958,8.390479601,3.583518931,1,0,High Risk
42.27791611,0.071587,0.127456,8.657851669,0.0,0.048865,0.05389,0.629109,371.8741,0.9603,8.2761,62.52147826,-0.03610831,0.422470321,140.0973559,13.27072803,-0.426120873,1,0,High Risk
13.9973168,0.130257,0.062516,4.852748996,0.0,0.077271,0.081368,0.436886,68.1344,3.1851,3.7514,49.87315625,-0.030591136,0.196569226,52.68553076,3.28575102,-0.226089017,1,0,High Risk
4.515665982,0.418966,0.019564,0.705479217,2.258777105,0.088265,0.138367,0.44428,54.1118,1.4195,2.9546,46.0431685,-0.001600312,0.110343353,26.53995169,3.617316608,0.548016387,1,0,High Risk
4.291463841,0.422908,0.034567,2.279404768,0.441472723,0.082821,0.132809,0.395106,208.616,2.5647,1.596,82.17797189,-0.003186594,0.262160202,26.87149164,3.577976254,0.053810296,1,0,High Risk
4.60900981,0.307485,0.020478,0.669481033,0.984770747,0.093684,0.100045,0.406272,154.5304,3.3849,2.7119,56.66056833,0.013120299,0.405025624,21.8666618,2.198237655,0.181420765,1,0,High Risk
25.21789682,0.115679,0.073605,1.955294947,0.0,0.155444,0.163208,0.878045,124.2663,33.5277,2.6566,35.95390154,0.030234775,0.069449391,31.866912,5.192575287,-0.230880625,1,0,High Risk
11.45943633,0.266792,0.027659,1.958055191,96.10167961,0.113423,0.154694,0.526024,-62.7863,6.7967,24.0093,62.33513796,-0.006856195,0.026260791,39.14908902,5.741851542,0.746396156,1,0,High Risk
4.393752809,0.292427,0.012373,0.19976628,0.715660864,0.049739,0.056214,0.285281,185.0234,3.1575,2.4855,53.14928973,0.013237659,0.0,44.89586576,2.504355466,-0.315205447,1,0,High Risk
30.40565116,0.175002,0.057612,3.426277106,0.0,0.166962,0.170752,0.634493,28.8414,5.9959,0.0,187.135224,-0.037905988,0.103785841,80.58032608,10.87620514,4.2,1,0,High Risk
6.65015273,0.269646,0.026579,0.423722224,0.801270923,0.020282,0.01617,0.362343,511.3256,0.7714,1.6699,57.17229279,0.012011455,0.122078518,217.253297,3.459247184,0.048276292,1,0,High Risk
8.517798035,0.363301,0.01523,0.207066909,3.407509866,0.090858,0.130412,0.435412,251.2264,2.307,1.2867,85.27631613,0.002265367,0.112787311,69.00142644,7.356531799,0.948998986,1,0,High Risk
12.03523994,0.168596,0.051223,2.457440081,0.0,0.006697,0.009804,0.275196,298.4537,0.8406,2.6184,44.71613514,-0.032781398,0.339711788,381.4994621,3.746022679,-0.179217739,1,0,High Risk
5.857294178,0.422688,0.020322,0.629991263,0.720858731,0.108067,0.176885,0.199561,63.41,4.7063,15.0593,99.24119615,0.010019077,0.053211541,20.72291792,3.399518101,-0.215191516,1,0,High Risk
6.23142035,0.273032,0.027486,0.763590951,0.605763877,0.040814,0.053726,0.356205,367.5484,2.908,0.9332,38.5884113,0.007021496,0.144098258,66.11663493,2.933542285,-0.031444046,1,0,High Risk
8.579682585,0.405287,0.014418,0.306772606,2.437593876,0.01011,0.033839,0.524998,96.2617,5.0969,2.7695,59.43877412,-0.009589927,0.0,240.7248827,8.766605512,0.236005512,1,0,High Risk
9.832166596,0.246984,0.022935,0.489215286,0.897426882,0.046794,0.05582,0.090097,86.844,71.8975,3.8547,87.40088272,0.013903355,0.0,82.90263529,4.94784778,1.175556377,0,0,High Risk
6.419546046,0.527998,0.008313,0.357597308,0.602588415,0.119264,0.224595,0.657576,-69.2872,6.1742,7.9792,50.16978953,0.006864217,0.381026122,44.6987527,9.881304329,0.637420354,1,0,High Risk
11.68689941,0.227453,0.024693,0.816488376,1.070783509,0.093034,0.115594,0.31036,113.1184,7.4616,3.1713,56.33613769,0.036570785,0.0,59.35928909,5.652645259,0.844166744,1,0,High Risk
9.124149402,0.306579,0.024292,1.141111815,2.41893102,0.107312,0.131438,0.555694,92.648,11.0099,3.0388,55.95921615,0.001175602,0.0,45.34285746,5.933865462,0.816920152,1,0,High Risk
20.37676289,0.270091,0.021724,0.865124913,0.781168985,0.077199,0.082901,0.294062,92.4725,3.453,5.6615,102.0506584,-0.006344688,0.419897203,145.5573313,11.97189964,1.280906149,0,0,High Risk
41.87899849,0.094512,0.115474,5.698963252,2.977294783,0.022032,0.043627,0.252325,227.8141,4.1808,1.6476,87.22723739,-0.178146725,0.0,201.6582611,7.077886341,1.035151331,0,0,High Risk
33.9998697,0.106177,0.079855,4.903442215,2.435918792,0.080491,0.08378,0.419126,234.3802,3.0515,1.9226,101.4253975,0.003830954,0.0,101.681284,6.462920088,2.224528302,1,0,High Risk
23.51277491,0.128993,0.04798,3.951437731,0.0,0.106667,0.102891,0.349202,29.8574,40.2249,4.2341,41.24289016,-0.008840637,0.851034858,54.06759445,5.400107277,-0.526286611,1,0,High Risk
11.55056176,0.292332,0.031847,1.059953782,0.0,0.102543,0.143262,0.393203,140.9076,2.8089,2.0469,148.1316877,-0.021908828,0.05610753,58.60196581,6.905638664,2.565387969,1,0,High Risk
7.570893513,0.32559,0.029312,1.718919989,0.0,0.114521,0.131084,0.568494,253.4788,2.9055,1.3747,49.96747354,0.011130569,0.226144574,35.94744127,4.798447526,-0.529955947,1,0,High Risk
4.007542046,0.460113,0.019633,0.264828084,0.393276042,0.085933,0.128204,0.310529,400.211,2.5097,0.6627,143.3774257,0.023203619,0.152259332,39.58780564,3.93563998,0.900888585,1,0,High Risk
5.260522479,0.615951,0.007525,0.163265909,0.281301602,0.064423,0.081614,0.343415,68.1662,6.4503,2.9441,84.69840156,0.024219983,0.354966403,160.1543144,12.41288097,3.547621543,1,0,High Risk
52.72625588,0.126068,0.053196,1.837540458,41.57967665,0.231401,0.219955,0.342424,160.7622,3.7428,2.9111,123.9121879,-0.051174649,0.0,74.86991045,12.67153261,5.052598622,1,0,High Risk
25.18133948,0.136344,0.057302,0.262046622,0.0,0.16709,0.18063,0.346848,116.9114,4.0336,3.5577,145.5057365,-0.019870909,0.0,47.41758942,6.493234632,1.629459981,1,0,High Risk
17.02374061,0.112842,0.056538,2.359557002,20.50777583,0.033049,0.035009,0.339923,280.0126,2.0617,1.4423,39.03399552,-0.026753816,0.0,101.6303541,3.589845603,-0.168809189,1,0,High Risk
10.67379895,0.252585,0.029288,1.547867555,3.621265732,0.105473,0.13705,0.61627,61.6506,2.7732,7.1703,34.53935832,-0.003415157,0.33462002,47.67503208,6.991369484,0.281390592,1,0,High Risk
22.37440859,0.299975,0.027532,0.889944326,4.342773279,0.086167,0.1527,0.518293,315.4628,2.9475,1.101,65.74862011,-0.002331617,0.192735072,159.2257148,21.96121006,2.758768517,1,0,High Risk
19.64273338,0.371198,0.024961,0.694765457,0.0,0.044054,0.062034,0.07337,27.6238,8.6207,0.0,168.1206225,-0.005647604,0.0,338.0860901,16.47231933,8.561111111,1,0,High Risk
6.071436427,0.396658,0.01307,0.609224685,0.641049379,0.092438,0.127663,0.447613,146.7775,3.3868,4.1018,42.16524086,0.010600239,0.137189903,44.97142273,6.434305021,-0.039023632,1,0,High Risk
21.94142199,0.117225,0.033001,0.280687601,2.380043728,0.044215,0.036266,0.272699,116.2178,3.5284,4.0774,72.83748753,0.017634565,0.1837283,133.2514445,4.78352681,0.077478193,0,0,High Risk
2.933116728,0.32994,0.017686,0.554145312,2.010206152,0.053641,0.073752,0.403068,80.8992,2.4827,2.9464,29.19316522,-0.000480855,0.45454817,19.37581852,1.465696843,-0.023427092,1,0,High Risk
5.05883234,0.186672,0.025908,0.919675456,0.0,0.089444,0.090328,0.225474,164.2785,5.3343,3.2725,70.84801138,0.014138073,0.191115753,16.14363239,1.443338368,1.041734646,1,0,High Risk
5.935543713,0.208329,0.035666,0.35723888,0.0,0.113843,0.127855,0.574131,99.5678,8.0036,2.626,54.51552948,0.000623555,0.072431751,13.6669025,1.709336278,-0.226034309,1,0,High Risk
7.60233409,0.38319,0.019189,0.68174499,0.503000703,0.08941,0.149817,0.411787,-8.0498,98.0479,6.2212,120.355234,0.01586493,0.122657555,62.24998771,7.281676223,2.677692308,1,0,High Risk
8.438194178,0.228619,0.036133,1.149125477,1.144032967,0.085469,0.077059,0.245163,197.5296,1.8286,4.7852,70.16171232,0.014937601,0.0,55.89637442,3.265460547,0.777196044,1,0,High Risk
6.530002145,0.225298,0.029767,1.815392142,0.921099155,0.048695,0.062372,0.378405,113.6373,5.1549,3.1486,49.95225856,0.007992262,0.901079327,41.85772827,2.587524062,0.604730445,1,0,High Risk
8.300643882,0.189471,0.031359,1.95720425,0.0,0.071208,0.06247,0.206247,38.308,3.3866,8.6707,49.9656027,-0.005707232,0.494724872,48.29521268,2.846387196,0.070194322,1,0,High Risk
7.376798822,0.32814,0.039911,2.007538564,0.25960929,0.035049,0.027733,0.338182,226.3736,1.9087,3.2671,80.69376996,0.048835274,0.176350287,196.5079107,5.798924104,0.66006061,1,0,High Risk
6.192107454,0.480749,0.011445,0.553272161,0.428399761,0.064753,0.092028,0.793563,-257.2604,5.221,1.8627,39.07793253,0.018282999,0.677674527,93.32427834,8.602181952,0.407344623,1,0,High Risk
6.35600946,0.594567,0.012257,0.296902829,0.488110817,0.067452,0.118157,0.225799,21.8342,5.8505,4.2788,104.5029615,0.011748731,0.0,112.1437003,13.15317843,3.239469071,1,0,High Risk
3.460628261,0.4169,0.020642,0.316032068,0.583017359,0.110644,0.151598,0.483085,266.3204,1.3897,2.3004,51.85024745,0.03266673,0.434800551,21.49434945,3.142448763,0.37275143,1,0,High Risk
4.287741855,0.277377,0.031679,2.083112841,9.758869474,0.040606,0.059126,0.190318,53.44,5.4653,5.0025,31.41664716,-0.037122028,0.499999999,30.91154997,1.829400947,-0.146530784,0,0,High Risk
18.26531284,0.133449,0.067076,3.275173918,11.36820234,0.045732,0.04978,0.273108,196.2176,3.3472,2.3339,44.09384532,-0.061521738,0.0,86.48841815,4.291071031,-0.19832967,1,0,High Risk
3.432854282,0.409039,0.015627,0.458436108,9.335699411,0.105093,0.163318,0.257579,102.8251,6.6324,4.6617,28.88645832,0.000970538,0.0,10.21050099,1.636692557,0.395668504,1,0,High Risk
15.46968093,0.186049,0.028786,0.901732803,2.700970735,0.154822,0.151439,0.324227,181.9677,2.2968,3.9475,41.67258378,5.78401e-05,0.102281465,38.23837045,5.107843062,0.668568364,1,0,High Risk
5.334779586,0.299147,0.020214,0.732224308,-0.246428057,-0.059235,-0.098091,0.269369,206.1091,3.2862,2.3336,113.752024,0.021434346,0.031771079,-34.20224726,3.134280805,1.454823351,1,0,High Risk
18.65299362,0.069774,0.10663,1.419589966,9.328901328,0.086003,0.079793,0.205336,96.9088,4.754,8.4296,16.76088833,0.016338417,0.356060754,31.8014536,3.112576045,-0.028808099,1,0,High Risk
3.64507481,0.339084,0.0197,0.296837546,5.624789172,0.029286,0.032998,0.272976,335.5997,1.4165,1.1873,41.22197978,-0.000101853,0.0,71.90383446,2.368029867,-0.164277839,1,0,High Risk
23.83338111,0.105709,0.100016,7.59942101,45.07998885,0.027849,0.045962,0.410164,263.0402,1.4758,1.6079,34.56770106,-0.195418196,0.999999995,97.36673399,4.338991534,-0.231970521,1,0,High Risk
5.665626873,0.199114,0.037017,0.844416389,0.598366293,0.039678,0.047694,0.403564,337.5142,1.6753,2.3373,45.82660653,0.009839477,0.641142259,41.21605142,1.835000632,0.007047902,1,0,High Risk
13.14841244,0.218771,0.099576,5.594020738,277.446256,0.100263,0.115264,0.585058,310.0315,2.0716,1.5337,51.22335868,-0.045109194,0.170462294,47.9841315,5.507902921,-0.27321647,0,0,High Risk
7.475811722,0.265839,0.034197,0.625317971,0.780027755,0.027556,0.024622,0.376016,357.6283,2.4909,0.9452,43.5454364,-0.004150805,0.668494115,159.6596401,3.921453672,-0.312606685,1,0,High Risk
18.21594713,0.177676,0.02513,1.228928539,1.513690776,0.021387,0.021441,0.311427,1.3303,35.8845,5.6998,95.43800668,0.009909609,0.98935089,284.6163721,6.260094484,0.992892998,1,0,High Risk
11.16464906,0.190978,0.03827,1.78738782,0.0,0.044055,0.049929,0.230392,182.8937,3.5368,2.0865,70.75665357,-0.041510442,0.605366949,77.96711769,3.884693966,1.055757194,1,0,High Risk
3.287109013,0.471075,0.018763,0.56398172,0.232609541,0.056691,0.090525,0.284583,94.5308,2.2418,1.6511,110.8307202,-0.002156945,0.297619992,47.99675451,3.624094494,1.845347313,1,0,High Risk
6.386435543,0.209426,0.024633,1.509415408,4.39414159,0.462407,0.467396,0.221038,-114.7286,29.459,33.6538,32.93096663,-0.005610056,0.47031234,4.466748459,1.678759276,0.015647542,1,0,High Risk
5.475280935,0.372545,0.021387,0.254773693,1.331770033,0.126051,0.179345,0.44821,311.3673,1.7082,1.2466,45.58796634,0.007108308,0.0,24.94849424,4.432418882,-0.115129057,1,0,High Risk
4.295848689,0.314912,0.023339,1.926546801,1.093859317,0.067636,0.086692,0.374652,-13.0181,42.2514,2.9462,39.00256359,0.006292263,0.21800032,27.97043551,2.352526256,-0.179373345,1,0,High Risk
9.696018975,0.257759,0.032239,2.126722719,1.052159639,0.154179,0.175996,0.630301,197.8473,3.2817,2.2287,50.44570612,-0.000869739,0.110308759,29.24351496,5.152392846,0.503818201,1,0,High Risk
11.9602057,0.294584,0.017177,0.405854167,1.570633272,0.168272,0.231589,0.281463,43.9678,11.0837,7.2021,49.86449281,0.01847567,0.0,34.41658088,7.538205225,0.772584396,0,0,High Risk
4.237162755,0.352362,0.024646,1.247673729,5.116538763,0.006703,0.016247,0.317714,180.1619,2.2621,2.2009,56.12386483,-0.003924883,0.321587634,150.8922178,2.538151405,-0.231175823,1,0,High Risk
20.21476446,0.214515,0.027501,0.409248362,1.332503046,0.099163,0.117827,0.2984,119.1992,1.9547,9.8109,106.3115366,8.58301e-05,0.473099787,117.2856472,31.7569479,2.307308264,1,0,High Risk
8.480172286,0.179235,0.024664,0.759891176,0.762236744,0.044358,0.045237,0.377013,250.1261,2.7023,1.6456,45.10841627,-0.00037835,0.783275434,76.8665707,4.375462979,-0.189679659,1,0,High Risk
8.485343359,0.103187,0.049935,2.876087565,0.0,0.075058,0.072234,0.253602,13.0227,19.1246,10.3264,51.89207875,-0.041232368,0.500000079,18.32820415,1.279673901,1.046451149,0,0,High Risk
19.69035517,0.248676,0.032398,0.950234014,2.061398854,0.10599,0.134351,0.315939,223.1717,1.2822,10.3569,102.1280839,0.017571089,0.840374247,98.02338671,10.20636345,3.768932039,1,0,High Risk
18.23222078,0.323879,0.019358,0.517796806,0.347285275,0.078646,0.087673,0.287068,331.0377,2.2846,1.6952,163.7773233,0.010546367,0.0,202.2694196,13.63444212,5.809187279,1,0,High Risk
6.517413255,0.298293,0.03345,2.221190149,1.245559052,0.043678,0.05229,0.290892,1.6006,4.1657,845.0125,47.24487375,-0.012124917,0.535928131,72.42718598,3.783610398,0.590196468,1,0,High Risk
4.667388259,0.240678,0.032911,1.417997458,39.27305126,0.009598,0.017921,0.44316,138.3672,1.7143,2.4872,51.44508128,-0.001958079,0.221975993,89.49755938,1.600422079,-0.398472198,1,0,High Risk
4.844436285,0.211114,0.039175,2.302762981,-0.080303676,-0.026663,-0.014579,0.311769,176.7862,4.151,2.6997,51.72306342,-0.008742111,0.762672963,-147.7350554,2.177795563,-0.39853286,1,0,High Risk
9.799996093,0.22652,0.032789,1.339273517,1.434498084,0.09658,0.092274,0.286932,119.0234,2.5409,9.3637,56.13418442,0.004231945,0.772277228,45.32334421,4.338194288,-0.28755144,1,0,High Risk
86.30966781,0.061096,0.100626,1.856028114,0.0,0.117131,0.13604,0.862342,639.803,9.876,0.4764,103.1355038,0.027873654,0.0,89.81312014,9.598418826,3.948006932,1,0,High Risk
20.50284715,0.132799,0.034728,1.163619946,0.0,0.091217,0.091717,0.640763,58.6799,6.8716,5.5122,36.06517128,-0.04228373,0.482346211,53.2800131,4.872301467,-0.329196354,1,0,High Risk
19.00910726,0.166682,0.040344,1.036436312,0.0,0.030425,0.028252,0.480677,116.5244,8.403,2.6657,48.09887784,-0.002771398,0.079948636,226.5639633,6.3741209,-0.307125307,1,0,High Risk
47.08587888,0.062305,0.122285,6.044502326,0.0,0.139464,0.130664,0.706693,342.7881,2.0111,1.5375,35.44151695,-0.0640496,0.215810008,39.75324596,5.12667728,0.156804099,1,0,High Risk
6.792005012,0.228423,0.025214,0.107809305,0.720924705,0.023201,0.024978,0.312023,348.8711,2.2378,1.3323,14.46230087,0.007456089,0.05634759,116.3416379,2.901004407,-0.044890979,1,0,High Risk
8.986479537,0.229299,0.027634,1.260313673,20.84123596,0.080774,0.112674,0.542736,92.0305,3.0522,2.7511,50.00776925,-0.026838149,0.427408905,35.79369834,4.23978703,0.212879578,1,0,High Risk
3.848575739,0.354478,0.019651,1.306248613,-0.105235061,-0.029456,-0.031248,0.236955,101.4018,3.6406,5.079,37.04576096,-0.061461477,0.603038807,-75.52690096,2.276512665,-0.352918686,1,0,High Risk
10.25402851,0.225512,0.023505,1.239576593,0.0,0.08187,0.092303,0.245012,46.984,10.3679,8.9069,61.83848294,0.013327735,0.330405688,46.51782863,4.34105993,-0.099331423,1,0,High Risk
12.91306454,0.202486,0.033982,1.266537736,1.454568196,0.108514,0.116768,0.35674,139.6323,3.9946,3.5316,36.04359773,0.026877353,0.282375194,41.42001433,4.73567393,-0.314212329,1,0,High Risk
3.477619882,0.269857,0.023538,1.391938384,18.11888829,0.024036,0.030809,0.695584,-58.7673,14.5034,74.0612,58.28617874,-0.005416502,0.070158562,49.29080603,1.53161196,-0.34264232,1,0,High Risk
7.387915934,0.487344,0.018897,0.313664117,0.173736022,0.01043,0.013686,0.173069,41.3789,2.6004,18.921,91.13256114,0.015925281,0.0,771.2361336,9.319250168,4.389192243,1,0,High Risk
5.226410387,0.166967,0.010248,0.160416107,0.535138082,0.030244,0.029852,0.677725,-21.4607,1.3649,0.0,103.1196814,0.036582265,0.244676085,52.71897411,1.547214133,0.43779265,1,0,High Risk
4.912742187,0.459457,0.016586,0.369054172,0.342652089,0.075889,0.108157,0.294701,148.4647,2.5633,2.6702,115.3536605,0.012486023,0.372436794,63.870607,5.820641642,2.895748988,1,0,High Risk
24.77679384,0.108939,0.077533,3.349051165,0.0,0.064815,0.06791,0.551951,367.739,1.2731,2.0321,44.21102175,-0.024592358,0.373152403,82.55327751,4.980680014,-0.255437293,1,0,High Risk
4.346435281,0.306353,0.022246,0.669557117,0.616001814,0.058381,0.068549,0.551121,201.0598,2.2845,1.731,50.23414346,0.018541639,0.387645612,33.98740388,2.398751722,-0.223099765,1,0,High Risk
12.40009537,0.167078,0.043613,1.735281607,4.129115443,0.269541,0.320651,0.531632,100.6165,7.0793,3.2008,29.50124015,-0.055106486,0.507476834,11.30197803,3.266538476,0.287036418,1,0,High Risk
2.394126107,0.580294,0.014798,0.466492559,1.201072244,0.127108,0.226464,0.549482,74.3394,16.8787,1.8195,0.0,0.013431489,0.0,0.0,0.0,0.0,1,0,High Risk
23.964576,0.229261,0.036503,0.84127027,0.0,0.009677,0.012425,0.336317,491.119,1.1329,1.1216,120.9799439,-0.012461112,0.0,911.5682009,11.53326968,1.045292621,1,0,High Risk
4.005782192,0.508926,0.013208,0.970505329,1.638526937,0.032664,0.058197,0.431299,-39.2044,71.4932,6.9294,52.36290096,0.007131355,0.230913214,71.28391199,4.087563273,0.468106996,1,0,High Risk
7.714438225,0.197309,0.038346,0.424490904,1.806325959,0.087825,0.109966,0.186223,119.5399,3.6498,5.1327,24.78672914,0.004037538,0.508135982,21.52503996,2.311466908,-0.016668013,1,0,High Risk
27.29674849,0.097327,0.084583,5.831634547,0.0,0.120616,0.118354,0.384275,64.299,3.3104,5.0489,88.32112996,-0.008178226,0.260616088,51.25024849,4.679594946,1.286831812,1,0,High Risk
8.379216657,0.380112,0.006545,0.148098387,1.73498501,0.007026,0.011249,0.477124,294.2548,7.8631,0.8649,100.5568892,-0.005204706,0.0,903.8060403,7.645121828,2.029085099,1,0,High Risk
4.168269974,0.31945,0.025986,1.04539903,4.005917617,0.087007,0.112702,0.282967,111.924,3.5144,3.7105,33.91522566,0.006562831,0.17458797,17.27852176,1.926752547,0.13403022,1,0,High Risk
10.49129284,0.180812,0.035659,1.393108243,0.0,0.001423,0.00842,0.467435,185.6265,2.8908,3.5057,73.55607268,-0.010538891,0.826012677,435.6511791,3.571717826,0.917667013,1,0,High Risk
8.114362015,0.529276,0.026092,0.894977341,0.290646336,0.086674,0.128493,0.215753,216.5053,3.1579,2.1542,116.6160005,0.024489397,0.03544715,102.6707275,13.77295902,0.799631506,1,0,High Risk
6.095265788,0.634033,0.009537,0.232298309,0.410018537,0.102897,0.219003,0.302061,63.0484,5.7425,3.8899,98.63953507,0.016274553,0.705758687,91.82501793,19.49377864,4.567352947,1,0,High Risk
21.76148278,0.102064,0.060485,2.643643835,3.776169793,0.085998,0.075107,0.431076,331.2888,9.9923,1.1501,29.59228181,0.005931585,0.982922607,74.93558676,5.399153689,-0.215687326,1,0,High Risk
4.187440019,0.365571,0.011369,0.856503444,0.368272596,0.071996,0.069287,0.58055,-119.5112,9.4305,70.079,99.19574728,0.025768193,0.386363636,61.23312702,3.600687888,2.030480657,1,0,High Risk
6.615211226,0.295309,0.027882,0.308732795,0.33351431,0.029906,0.02712,0.324799,419.712,2.5982,1.0578,38.34492474,0.021716643,0.0,146.8576844,3.941208747,-0.465532865,1,0,High Risk
5.904025703,0.36304,0.018941,0.215410422,2.16520441,0.116436,0.14891,0.208278,84.9261,4.5208,4.1243,135.2442245,0.015966222,0.0,33.7091258,3.962153469,0.964931377,0,0,High Risk
4.843042236,0.23468,0.024057,0.913448221,140.1221866,0.020703,0.029335,0.301951,90.6289,2.8638,5.3236,49.73439526,-0.007161223,0.206713442,62.45197677,1.863952579,-0.628079635,1,0,High Risk
8.937425384,0.289543,0.029623,0.238159432,0.809154019,0.091634,0.104918,0.406492,234.0368,1.5758,1.8512,178.5006249,0.016125853,0.0,60.95761105,5.077412949,1.828571429,1,0,High Risk
11.08642661,0.181653,0.045421,1.296286101,6.262257026,0.096964,0.110847,0.22057,39.3649,4.3864,8.9352,45.27299906,0.057601271,0.0,43.7189446,3.398818562,0.303713528,1,0,High Risk
5.745124389,0.373414,0.021251,0.899003061,0.536333353,0.082185,0.122685,0.470941,46.6457,12.4793,2.8564,243.1706085,0.039781466,0.0,43.91178389,7.279462722,0.99750934,1,0,High Risk
58.69619509,0.123007,0.07212,6.051323355,0.0,0.246974,0.262691,0.822375,-8.6548,13.8613,0.0,61.40814538,-0.050371805,0.681528919,94.51766721,13.87578083,0.047524825,1,0,High Risk
8.777408,0.343954,0.020977,0.243772717,0.581098638,0.094648,0.110334,0.319081,216.9191,1.7561,4.6151,102.7525054,0.02983179,0.0,58.00308976,6.489196683,0.490963855,1,0,High Risk
3.036447586,0.553829,0.008738,0.294656214,0.41971409,0.081956,0.163346,0.278406,68.656,6.6424,4.4725,96.74117107,0.016949145,0.0,31.94157484,4.197920956,1.07164869,1,0,High Risk
20.69289393,0.154718,0.037138,1.299581831,0.0,0.046003,0.052249,0.216321,69.8687,3.6878,6.2169,102.7325341,-0.023422981,0.391729388,113.3042198,5.901849905,0.739280797,1,0,High Risk
6.045644911,0.321558,0.021356,1.685384484,0.672401117,0.122145,0.112808,0.335556,-41.3988,10.8531,27.9051,37.06494703,0.030399775,0.700335981,57.89507291,16.04749495,0.506130841,1,0,High Risk
7.574248296,0.16689,0.04436,1.08749091,1.452927707,0.025022,0.024049,0.656329,2811.8427,2.283,0.1189,46.30983923,0.012047761,0.407807788,90.82438136,2.152071707,-0.082490354,1,0,High Risk
3.726233745,0.296566,0.039774,2.179684084,0.540645654,0.067705,0.081807,0.244112,170.9082,7.3143,2.1017,38.37848105,0.011395071,0.425870858,18.07734948,1.42613651,-0.066848568,1,0,High Risk
4.115746305,0.355108,0.01748,1.597236648,0.0,0.088219,0.109228,0.199108,-21.4415,3323.0599,34.1213,45.43224012,-0.015770484,0.0,16.40573262,1.755086035,0.569173525,1,0,High Risk
9.420403286,0.294951,0.019082,0.283871529,7.075423294,0.105549,0.079382,0.437081,136.363,3.3557,1.9173,73.00325074,-0.010886102,0.668660132,81.61327139,6.415428241,2.10041841,1,0,High Risk
3.817708636,0.294326,0.074175,5.586814306,0.569105374,0.01813,0.012898,0.220697,258.6863,1.2322,8.5371,45.55026886,0.029555004,0.134198421,110.3759346,1.48528217,0.530240496,1,0,High Risk
11.77074461,0.186506,0.033477,0.808543875,1.289738039,0.024393,0.029934,0.417494,185.4068,3.3531,2.6114,74.62429744,0.020043638,0.0,141.35897,4.205442792,0.767438164,0,0,High Risk
19.07361514,0.144142,0.044536,0.73682412,10.04295175,0.10638,0.103305,0.740339,194.2168,2.7769,2.5467,73.47782487,0.009559217,0.999226057,53.12859531,5.277820697,0.526717387,1,0,High Risk
9.377234521,0.337921,0.019994,0.761738264,3.351306299,0.093814,0.102373,0.233174,82.3179,3.4813,10.0306,50.17640845,0.006351667,0.307808083,63.72720426,6.635531335,0.249146069,1,0,High Risk
5.201528946,0.355235,0.015564,0.726810001,1.235459938,0.080447,0.101889,0.189369,65.1095,4.8978,7.8815,80.46110794,-0.011694168,0.048641927,36.06909589,3.610369758,0.855030202,1,0,High Risk
4.046587022,0.374811,0.014365,1.231483926,0.273931766,0.05083,0.07241,0.307087,-14.0442,32.6944,5.959,204.723758,0.016478103,0.0,56.46082753,4.818550679,1.761394102,0,0,High Risk
6.318789178,0.316204,0.020816,1.03144111,5.329413401,0.090012,0.116112,0.268387,45.0047,3.3676,6.258,40.07452056,-0.006354606,0.0425,32.74213759,3.729618569,0.490181457,1,0,High Risk
14.29737823,0.082673,0.072945,1.894245367,0.0,0.036179,0.040696,0.514633,266.874,10.6579,1.1302,49.83278654,-0.052536489,0.442380649,46.75108325,1.852952132,-0.425921796,1,0,High Risk
16.69652229,0.208824,0.032972,2.176477761,1.145695069,0.077743,0.093895,0.41843,90.1401,5.6056,4.2203,54.87682148,0.011098929,0.0,75.81667904,6.779706209,0.60112782,1,0,High Risk
4.888087285,0.619575,0.009587,0.186508995,0.319179282,0.082702,0.168726,0.188569,6.3325,16.1416,11.7467,192.0151956,0.025610666,0.196803164,64.17381345,8.759681099,2.448851775,1,0,High Risk
10.35626138,0.141016,0.053145,0.498452825,1.092071121,0.029058,0.027494,0.424897,133.7387,5.9669,2.5764,28.88945733,0.004115703,0.651249519,96.8187547,2.638663879,-0.216157962,1,0,High Risk
4.999655177,0.30275,0.021869,0.600065045,10.83043697,0.112111,0.148287,0.243729,41.7315,5.7565,6.5192,46.83913642,-0.020126837,0.0,13.19258364,1.842915537,-0.454305219,1,0,High Risk
6.79206041,0.392501,0.019701,0.608951781,0.0,0.074123,0.119699,0.3738,186.4629,2.2813,2.0533,44.58333058,-0.027779126,0.421028414,44.71118714,5.588517815,-0.280151743,1,0,High Risk
12.30570048,0.165383,0.047181,2.673287256,8.048849433,0.093937,0.096826,0.570493,274.8313,10.4204,1.0059,56.9332228,0.015089161,0.586824986,41.1221564,3.709755269,0.287570959,1,0,High Risk
3.848244972,0.236733,0.029829,1.071537156,0.566164533,0.041103,0.040711,0.285652,338.3214,2.1305,1.4192,23.08272369,-0.000976193,0.472501236,36.70740258,1.488549751,-0.345513914,1,0,High Risk
6.485523927,0.222231,0.033459,1.056979242,0.0,0.069072,0.078291,0.50677,251.7547,2.8625,1.8355,40.45497277,-0.031347634,0.688417617,31.20884078,2.437881631,-0.341150169,1,0,High Risk
11.02269046,0.214299,0.030029,0.971404607,1.291361956,0.086703,0.099413,0.336727,211.611,3.2727,2.0793,172.4858758,0.046012829,0.147799884,51.38437895,4.144770891,1.505,1,0,High Risk
5.387025917,0.335195,0.013832,1.187747296,1.969375009,0.073659,0.082,0.176536,-57.5236,289.1997,29.6037,188.1947096,0.012155594,0.0,45.05357287,3.0531823,1.588607595,1,0,High Risk
2.965834079,0.483959,0.011916,0.440215286,0.754518335,0.122553,0.221061,0.672832,155.0375,8.5174,2.0934,45.90760645,0.01409304,0.797528514,12.31833018,2.588417511,0.205686743,1,0,High Risk
5.330630757,0.143949,0.041102,1.730616293,0.725563264,0.044919,0.047015,0.306108,91.7523,3.189,8.4695,38.6238316,-0.086813743,0.748707687,26.31238318,1.223578423,-0.347210507,1,0,High Risk
3.440418386,0.516067,0.016226,0.629771161,0.698849622,0.083173,0.134928,0.17001,114.3727,3.6476,7.2823,320.6214185,0.033074106,0.0,36.54923358,7.178426158,0.508164598,1,0,High Risk
46.19419639,0.043104,0.184244,7.225377357,0.0,0.013449,0.01899,0.656442,68.4588,3.287,3.9475,37.57396385,-0.1329921,0.58771147,222.5693712,3.33092164,-0.491807928,1,0,High Risk
4.00032326,0.430236,0.018535,0.32259695,11.16759164,0.058818,0.09094,0.295295,154.9683,2.067,2.5037,121.6372283,-0.000516246,0.227708954,43.36757143,3.375105648,1.324003887,0,0,High Risk
6.059769898,0.209433,0.018462,0.36266821,0.870961469,0.076249,0.09048,0.364351,55.3669,11.2335,4.3776,34.00431897,-0.000576822,0.123889406,23.16586701,2.05136048,-0.373058109,1,0,High Risk
5.134408315,0.264968,0.015312,0.527335782,0.564217006,0.005893,0.003577,0.179192,141.0227,6.3887,2.062,72.60821584,0.013486246,0.394654128,772.5880939,2.767996396,1.039039039,1,0,High Risk
17.59069019,0.152038,0.050534,1.951823017,0.0,0.164096,0.159972,0.301337,71.2943,6.3532,11.1244,37.94619531,0.016715632,0.56589365,28.49459281,4.715196049,0.212193378,1,0,High Risk
10.84233046,0.148844,0.041375,1.363151247,1.888588734,0.13946,0.13806,0.34428,65.0539,9.8173,5.3532,25.82267807,0.01612703,0.0,25.72521226,2.693622225,0.409408451,1,0,High Risk
9.496001064,0.346423,0.020713,0.279295845,0.0,0.073822,0.08398,0.321029,133.0087,2.4238,4.2182,72.84047448,0.000260138,0.185082011,84.32996318,7.05987755,0.904953781,1,0,High Risk
11.84814247,0.212217,0.046975,1.453049555,0.0,0.077615,0.087887,0.345242,17.0612,5.3405,7.4204,42.22436973,-0.035688239,0.0,52.67268675,4.542820026,-0.240309156,1,0,High Risk
27.65082754,0.183237,0.050407,2.006471999,1.236009309,0.102613,0.106341,0.306363,246.4928,1.2116,0.0,249.785804,0.027098601,0.073872895,112.4762871,14.57622235,4.964912281,1,0,High Risk
59.40786507,0.064421,0.137602,6.202537705,0.0,0.080583,0.076608,0.175065,141.0046,4.4706,4.6043,249.8526462,-0.061454494,0.0,104.6290391,9.777283972,3.538198404,1,0,High Risk
4.487116741,0.416004,0.024198,0.424016287,0.64524805,0.051922,0.05774,0.27105,1028.598,1729.9855,0.3144,46.50656847,0.005321646,0.0,60.1933916,3.453599622,1.91158158,1,0,High Risk
111.6896661,0.047019,0.124567,0.850231238,0.0,0.059539,0.047826,0.216422,204.5135,3.6706,2.7687,173.7035975,0.030320209,0.077014218,213.8607054,9.116087023,7.643103448,1,0,High Risk
3.994460571,0.32069,0.024367,0.772316273,0.583299425,0.041529,0.047056,0.269777,178.1847,2.035,2.6544,30.74867482,0.011595281,0.0,45.3614167,2.110667487,-0.247525381,1,0,High Risk
27.57319824,0.226108,0.041854,1.250436594,2.099603904,0.077664,0.093165,0.330071,245.8777,1.3982,4.5269,198.0136528,0.006663419,0.049647662,183.6582257,14.32301296,7.129582268,1,0,High Risk
14.71856218,0.180833,0.030658,1.054206412,0.0,0.141722,0.145932,0.271577,59.8778,6.1689,5.4747,44.55923066,-0.073660129,0.097145576,33.22649224,4.770507607,-0.141877019,1,0,High Risk
6.319508274,0.485504,0.018447,0.649402488,0.0,0.065615,0.133748,0.374903,389.7004,3.5128,0.815,157.4044607,-0.005148289,0.107424242,76.60134185,8.189313351,3.338880484,1,0,High Risk
14.07613812,0.167122,0.042832,1.076373912,28.38857155,0.051567,0.048063,0.015803,11.5698,117.0888,34.0683,58.69048841,-0.003624525,0.0,38.55605771,1.807475979,0.10538592,1,0,High Risk
2.135195222,0.145683,0.086457,8.291091593,3.291463538,0.136568,0.160587,0.349302,-24.2553,25.5745,93.8075,0.0,-0.078433231,0.0,0.0,0.0,0.0,1,0,High Risk
6.082173958,0.444733,0.019252,1.085936957,0.178348143,0.014753,0.023097,0.326976,145.4017,0.683,1.73,57.32604136,0.002696967,0.0,293.9393225,6.994590931,-0.332206622,1,0,High Risk
11.2327855,0.155772,0.04116,1.935103724,0.0,-0.001779,0.005053,0.114889,69.8881,11.1706,4.8313,42.76893765,-0.01196853,0.0,567.3371926,2.864313419,0.141230189,0,0,High Risk
5.129000692,0.293872,0.026167,0.821699991,0.831469293,0.010731,0.021524,0.493724,78.7585,6.2904,4.2983,53.35325502,0.006224086,0.454510502,100.7759484,2.345282606,-0.384816229,1,0,High Risk
5.300477034,0.263858,0.030834,0.605547928,3.39619936,0.100613,0.112309,0.337585,280.2109,2.4457,1.5628,51.35772878,0.002394093,0.0,19.35986358,2.1487641,-0.399506869,1,0,High Risk
3.353556179,0.243531,0.033589,0.790663818,10.46878007,0.498324,0.55439,0.944427,538.6019,3.1397,0.8134,0.0,0.001346035,0.0,0.0,0.0,0.0,1,0,High Risk
61.31905752,0.039899,0.144882,11.64971618,0.0,0.031258,0.015152,0.618628,258.1702,13.9761,1.4243,53.87460216,-0.418334659,0.391100482,280.2495298,4.331505273,0.452380952,1,0,High Risk
3.716559941,0.358627,0.012788,0.862014056,2.142292185,0.160651,0.208983,0.358718,-15.6467,29.139,17.718,50.33442905,0.016427027,0.490487546,9.728859757,2.059792123,0.066266793,1,0,High Risk
5.248506332,0.167767,0.036281,2.11140491,3.203861192,0.037951,0.029685,0.312211,149.2705,2.2533,4.0869,32.9170041,-0.004907158,0.0,47.51010548,1.506613313,0.14792187,1,0,High Risk
17.84134283,0.077584,0.061752,2.867315701,2.575259396,-0.010332,0.005004,0.716227,310.6374,1.1768,49.7908,49.94686658,-0.018379388,0.296020153,473.4252259,2.303319993,-0.215044624,1,0,High Risk
3.88122144,0.303833,0.016115,0.525485446,0.519894893,0.055089,0.060966,0.678934,103.061,4.1828,1.7394,41.65539377,0.020523069,0.769879464,40.43710269,2.639288013,0.172152629,1,0,High Risk
8.045364852,0.235931,0.024927,0.833913041,1.950054701,0.04455,0.055788,0.338096,117.4852,4.3945,2.8514,33.73935052,0.013027396,0.0,69.86476638,3.411685691,0.038322487,1,0,High Risk
7.0335293,0.172999,0.04894,2.171639747,15.47835705,0.013933,0.016507,0.410545,609.0763,1.456,0.8085,51.58771718,-0.002872721,0.0,120.3248063,1.958408426,-0.314403172,1,0,High Risk
1.528207877,0.438792,0.01409,0.288045343,6.32823849,0.15762,0.239718,0.36109,10.5103,0.0,34.2521,0.0,0.001125217,0.0,0.0,0.0,0.0,1,0,High Risk
9.231446215,0.15126,0.033236,1.078643462,2.522198631,0.126013,0.129398,0.298455,93.8807,9.6723,3.4848,28.01302157,0.011169581,0.475831794,22.81538449,2.341894179,-0.175933847,1,0,High Risk
1.723503215,0.376266,0.025291,0.355402209,0.0,0.099162,0.139834,0.386764,89.688,2.5237,1.8145,0.0,6.83408e-06,0.0,0.0,0.0,0.0,1,0,High Risk
3.125276764,0.123626,0.060004,4.523012114,0.0,0.353868,0.337275,0.786709,181.1751,6.3521,1.8381,0.0,0.048720251,0.0,0.0,0.0,0.0,1,0,High Risk
5.709678871,0.227206,0.033157,2.133186747,1.88916983,0.084303,0.095721,0.336781,145.9928,2.8996,2.712,52.31288527,0.003430936,0.396820348,23.05259037,2.205092392,0.153694601,1,0,High Risk
5.680199246,0.309587,0.026596,2.071335969,1.163356787,0.163957,0.181055,0.672885,150.8326,6.6924,1.8037,88.07498241,0.002948173,0.175498161,18.79116411,2.879504051,1.140150278,1,0,High Risk
13.08400383,0.140016,0.058605,3.85138387,0.0,0.145839,0.123988,0.741203,120.4476,25.5111,1.9086,40.57435828,0.011550539,0.0,24.33608006,2.96927802,-0.355951478,1,0,High Risk
6.890250835,0.183636,0.024966,0.287502307,9.074243007,0.100128,0.116355,0.309242,137.0315,3.8564,2.6764,79.4547606,-0.061199569,0.347522157,17.42352368,1.990157725,-0.077311632,1,0,High Risk
3.790847858,0.629768,0.016271,0.380223529,1.730689089,0.188172,0.427235,0.289199,32.3819,33.3358,3.5006,0.0,-0.000497078,0.0,0.0,0.0,0.0,1,0,High Risk
1.336579989,0.354489,0.017829,0.765992309,0.668058865,0.128247,0.157348,0.455051,47.7463,2.2557,32.9131,0.0,0.002719261,0.0,0.0,0.0,0.0,1,0,High Risk
4.163206541,0.483064,0.013086,0.404167782,0.394190385,0.081809,0.126077,0.259213,122.6047,2.9426,7.5033,349.6848441,0.040038632,0.0,42.11441233,6.202944443,2.556344277,1,0,High Risk
8.40937559,0.169044,0.045435,1.204021338,0.0,0.056508,0.051427,0.183847,167.556,2.584,4.4746,39.50567748,0.028762857,0.204666394,42.33033361,2.197084966,-0.477293,1,0,High Risk
14.28447008,0.282105,0.027798,0.537198318,2.070079361,0.102832,0.152988,0.286116,225.4161,2.7314,2.3088,106.9907013,0.022133384,0.0,69.59835279,8.593350163,3.981504316,1,0,High Risk
12.60656367,0.142173,0.051385,3.001534694,22.9678206,0.152811,0.166702,0.289353,99.5289,5.9831,4.1197,45.53013124,-0.098037767,0.334995836,18.69623996,3.424126345,-0.128152363,0,0,High Risk
22.2039461,0.123153,0.126072,4.774127305,0.0,0.057206,0.061646,0.291524,211.7388,3.2056,3.0807,53.57499454,0.078169015,0.0,79.02505496,4.833381474,-0.232708269,1,0,High Risk
10.29132543,0.214488,0.021071,0.615821632,0.0,0.015356,0.027549,0.1853,131.2138,2.2673,5.8198,56.9278777,-0.016709035,0.249508945,152.3093848,4.144097149,0.12797619,1,0,High Risk
130.7998158,0.100577,0.0748,3.880972469,0.0,0.047325,0.048735,0.328156,282.5191,1.0892,0.0,48.88486623,-0.041955249,0.333333333,488.9544341,25.12803518,0.656545738,1,0,High Risk
2.660087346,0.558136,0.019771,0.41739408,0.974793131,0.226353,0.488942,0.366242,97.003,3.1985,3.5517,0.0,0.02662924,0.0,0.0,0.0,0.0,1,0,High Risk
10.63582707,0.213361,0.033293,0.91989025,0.0,0.118637,0.130437,0.800225,91.4642,8.4581,2.3354,26.29081716,-0.006821596,0.554277389,31.97407556,4.16835474,-0.332457293,1,0,High Risk
9.006330088,0.117887,0.075491,1.824520673,5.752199942,0.063031,0.059903,0.512831,316.7908,1.5203,2.0284,35.8282531,-0.005687304,0.685353535,27.70395615,1.668478374,-0.376296887,1,0,High Risk
3.374196613,0.449873,0.014145,0.309094835,0.553643801,0.086845,0.119718,0.402663,177.6019,5.6298,1.6473,60.84781048,0.005457194,0.0,24.30052423,2.933402631,-0.203362032,1,0,High Risk
6.17895583,0.396799,0.022024,0.650100125,3.879960693,0.01339,0.024499,0.338564,257.2649,10.7204,1.5666,30.67287927,0.005063186,0.0,204.0046351,5.154002396,-0.100616016,1,0,High Risk
8.783766607,0.234646,0.051423,1.211313907,3.320223166,0.131413,0.157109,0.750672,197.5466,15.7821,1.7709,88.27900414,0.007599998,0.324787366,26.41599353,3.338900385,0.700411523,1,0,High Risk
8.204393392,0.148592,0.035738,1.234879493,0.740092194,0.046411,0.051617,0.242041,233.3249,5.9826,1.803,28.04642877,0.014669738,0.428288472,44.18882677,2.020816968,0.012766117,1,0,High Risk
2.717451705,0.285269,0.022032,1.283249967,0.370454417,0.046793,0.049589,0.56295,119.3818,8.17,2.7997,40.9608265,0.026673633,0.699821837,21.15774033,1.01180624,0.065693431,1,0,High Risk
3.371639852,0.406719,0.022489,0.773145221,0.660357801,0.038346,0.057579,0.29991,149.0435,1.54,2.2382,38.38523651,0.001749448,0.210137666,48.86618832,3.338838499,0.431552163,1,0,High Risk
12.27146921,0.194516,0.040108,1.959851677,3.911966833,0.050034,0.049839,0.183595,95.3235,4.1369,7.1987,58.27063523,0.047536283,0.068060561,87.62561799,4.458376252,-0.113160944,1,0,High Risk
19.00332587,0.208817,0.037693,1.526377119,867.1869077,0.131618,0.140055,0.427801,198.0123,2.0202,4.4309,201.4241069,-0.00049476,0.024074074,63.60072961,7.874820895,2.405723906,1,0,High Risk
2.911093699,0.343937,0.023494,0.955163089,2.037002657,0.253748,0.334822,0.438907,40.3558,3.9904,5.5153,0.0,0.013793298,0.0,0.0,0.0,0.0,1,0,High Risk
9.898216762,0.308244,0.024384,0.700484403,2.629482432,0.048738,0.04772,0.205961,136.4416,2.3424,4.2756,60.57264767,0.022350118,0.257277408,133.369959,6.30284252,1.172511513,1,0,High Risk
10.37000393,0.154725,0.051421,3.83906953,2.433744281,0.026467,0.028133,0.249461,72.6409,6.4388,3.043,36.6864563,0.007318801,0.077401345,89.14577316,2.399043747,-0.002078556,1,0,High Risk
9.664394848,0.218844,0.046145,0.710872252,1.645716414,0.066276,0.075864,0.560165,306.8246,1.7496,1.9098,50.5118899,-0.005488145,0.255651781,50.0770282,3.763856838,-0.240971625,1,0,High Risk
11.50305234,0.099647,0.087457,6.449397064,0.0,0.018735,0.028282,0.552985,221.5347,7.7886,1.4724,39.46465297,-0.095210346,0.619102564,61.67237757,1.764026348,0.052963967,1,0,High Risk
20.59023428,0.055859,0.097208,3.128916017,0.0,-0.064855,-0.070122,0.030609,31.136,11.3148,20.1481,69.89181021,-0.001181808,1.0,-27.1680468,1.857590173,0.903265561,1,0,High Risk
3.829559008,0.465897,0.017095,0.32485149,0.0,0.194672,0.277139,0.28409,40.0633,189.9917,3.6202,0.0,0.015852043,0.0,0.0,0.0,0.0,1,0,High Risk
6.661677949,0.151913,0.039567,3.319633702,-1.269201843,-0.084661,-0.091347,0.444045,158.553,2.5067,2.9343,48.09649268,0.002834287,0.482708029,-28.23501297,2.701773312,-0.188771129,1,0,High Risk
8.654988437,0.135719,0.058368,2.086492519,13.18274351,0.033879,0.018706,0.554193,463.209,0.7367,3.4517,32.73747188,0.01882818,0.7338908,117.0149343,2.207482554,-0.263435495,1,0,High Risk
3.524265409,0.155022,0.027002,1.389495586,0.684472444,0.059906,0.069972,0.51161,185.76,4.4021,1.9105,25.70940242,0.018261767,0.498347887,9.791343998,0.705280034,-0.18716965,1,0,High Risk
10.18525849,0.343898,0.017545,0.480471052,0.108599254,0.009687,0.003637,0.314647,148.5599,2.9775,7.0874,84.70443932,0.023642519,0.134310687,2224.284472,8.083635387,0.893809556,1,0,High Risk
12.56816381,0.26543,0.030507,1.781847209,0.941354827,0.132935,0.151273,0.704987,92.7549,3.8951,4.0714,51.29960562,0.001146712,0.371021248,42.57484267,6.535780698,-0.208785785,1,0,High Risk
4.16053946,0.309522,0.02133,0.474117031,0.435489552,0.078009,0.086188,0.730939,813.6528,6.7215,0.4475,55.39938583,0.036384881,0.592576425,22.5767863,1.896335878,0.314953086,1,0,High Risk
6.336172356,0.305925,0.028484,1.244380377,18.10790242,0.094672,0.128096,0.401808,212.8124,2.687,1.711,36.57905216,-0.007941721,0.131357014,26.14366748,3.378321796,-0.312524788,1,0,High Risk
8.302341969,0.18812,0.032483,1.211602923,4.008936817,0.062218,0.06542,0.540905,164.3055,3.3751,2.6062,50.41058456,-0.004939568,0.374241731,42.29568744,2.771121716,0.510780464,1,0,High Risk
7.623190184,0.231619,0.018222,0.678106903,1.857951638,0.135602,0.141653,0.437547,52.3586,11.1395,5.3667,41.4863308,0.053243198,0.319895658,21.27739435,2.890247752,0.169722222,1,0,High Risk
26.44868358,0.201106,0.039502,0.460375596,71.8014981,0.030938,0.036555,0.414123,911.2627,0.663,0.537,71.27761607,-0.003208286,0.0,290.1632944,10.65120643,0.057196088,1,0,High Risk
10.52935218,0.176817,0.042039,2.520173045,360.4532613,0.052956,0.073162,0.273183,115.934,5.0597,3.2708,56.87892983,-0.032333603,0.0,44.04113751,3.186798275,0.082216984,1,0,High Risk
12.630609,0.17928,0.050742,2.672769654,1.208958752,0.083778,0.07183,0.253574,104.9586,3.2086,4.9889,72.55719392,0.014908082,0.0,69.57688519,4.243937399,0.797197927,1,0,High Risk
3.400500282,0.632612,0.01338,0.553367835,35.8714744,0.252718,0.698918,0.524282,244.9933,91.1542,1.121,37.84485457,-0.008944696,0.999996313,7.908470785,6.528134327,0.228320945,1,0,High Risk
19.04151801,0.087193,0.065677,0.784280498,0.0,0.096263,0.092564,0.246705,58.6668,12.882,7.3486,37.20736429,0.038889035,0.072117262,29.72782073,2.761150231,-0.519245682,1,0,High Risk
5.548314813,0.334735,0.02534,1.160993665,0.0,0.063426,0.073285,0.31386,-19.4749,2.4857,6.22,52.3091243,-0.011239351,0.221253823,46.45242042,3.322242589,-0.194709247,1,0,High Risk
3.823418841,0.192622,0.04795,4.226347069,0.0,0.293418,0.30556,0.441006,-11.8798,544.2425,0.0,0.0,-0.063809428,0.0,0.0,0.0,0.0,1,0,High Risk
5.334215482,0.222516,0.035217,0.61825099,2.507370637,0.05232,0.052656,0.223373,113.841,4.0603,3.879,42.53987821,-0.02568805,0.435680972,36.0845999,1.88903058,-0.516757982,1,0,High Risk
21.61495602,0.142768,0.03901,0.689782706,0.0,-0.030746,-0.023819,0.471084,592.6004,0.9538,1.1326,89.04100151,0.018460444,0.494539913,-241.3748841,5.79630409,0.915752249,1,0,High Risk
3.83465025,0.349868,0.021448,0.573351279,0.570449933,0.030094,0.044809,0.308222,153.9817,1.6286,2.4551,50.72160027,-0.000158804,0.0,54.06789661,2.434106133,-0.297810698,1,0,High Risk
26.87296765,0.096357,0.090104,3.366661411,0.0,0.084681,0.082035,0.649321,484.9178,2.9252,0.8829,44.80437044,-0.016070986,0.181776063,56.14234163,4.759196109,0.496146872,1,0,High Risk
4.246373713,0.352748,0.018931,0.552543265,6.096735229,0.083642,0.302662,0.345098,39.941,3.3822,3.169,49.80749345,0.003268613,0.986450581,10.4770671,3.718870621,1.052380952,1,0,High Risk
11.29713157,0.13929,0.047228,1.500918744,0.0,0.165899,0.181438,0.134329,17.7932,11.3895,28.6024,49.82079882,0.001775254,0.0,12.83412941,2.288039848,-0.618592528,1,0,High Risk
5.076404949,0.3029,0.021328,0.266060019,0.0,0.037093,0.044325,0.332768,80.7798,7.3192,3.4632,48.38600059,-0.001026261,0.0,54.97234547,2.406321159,-0.233363719,1,0,High Risk
15.25025449,0.182882,0.042537,1.903207994,1.57120719,0.0684,0.077687,0.276605,56.1971,5.1684,5.2799,73.31041884,-0.065934886,0.0,65.53299018,5.075409717,-0.191121144,1,0,High Risk
34.50973104,0.083768,0.088471,6.734557032,0.0,0.003309,0.013085,0.246683,184.2931,1.4682,7.2796,55.3266196,-0.123614403,0.31097687,382.2205556,5.093185274,0.627656115,1,0,High Risk
13.33822372,0.160092,0.039782,2.27139889,12.85196023,0.025573,0.02702,0.193429,67.0399,4.4898,7.6008,51.23139238,0.008400351,0.095187166,139.5667065,3.719798743,-0.138486064,1,0,High Risk
2.195341411,0.347704,0.017457,0.52782627,2.224352423,0.182208,0.241816,0.356156,99.5722,4.3431,3.8622,0.0,0.04939521,0.0,0.0,0.0,0.0,1,0,High Risk
6.293625616,0.173209,0.02276,0.739610544,1.973733183,0.083977,0.092187,0.720652,265.6897,4.1679,1.4623,57.98287393,0.008061555,0.162731098,18.4029242,1.647937544,0.004372522,1,0,High Risk
4.107594635,0.281809,0.023894,1.109552396,2.22657643,0.063267,0.072671,0.225966,133.7945,3.8363,2.3775,43.59696929,0.013392815,0.218169909,28.24505037,2.038458195,0.131147541,1,0,High Risk
10.00563649,0.26607,0.054503,1.510439286,0.768542527,0.128105,0.148226,0.379693,136.3515,3.4728,3.5552,90.99327019,0.002128685,0.169753086,44.47676116,4.998732977,1.597132616,1,0,High Risk
3.626943282,0.269133,0.025691,1.646385983,0.240354555,0.015133,0.045561,0.743562,96.969,5.019,1.2003,49.66387034,-0.015369976,0.30904432,43.70510435,1.9551113,0.222602196,0,0,High Risk
17.58823054,0.15532,0.074199,6.117339697,5.372679893,0.00042,0.015493,0.353624,88.7194,3.7733,6.4822,54.15011565,-0.042075088,0.136787151,399.2928316,8.507319731,0.124528243,1,0,High Risk
3.116775446,0.27267,0.03596,1.449106392,1.345862884,0.179883,0.206848,0.32791,93.6784,9.6251,4.5869,0.0,0.025742904,0.0,0.0,0.0,0.0,1,0,High Risk
13.08622635,0.21718,0.03676,2.024425273,0.0,0.151428,0.181544,0.278381,56.7869,3.5869,10.7337,146.7011492,-0.039224894,0.0,37.8902782,5.162471873,1.272635815,1,0,High Risk
6.704616564,0.191409,0.028495,0.909003318,2.376618546,0.05929,0.045786,0.666014,425.219,44.2728,0.6166,33.85964996,-0.011041833,0.768047432,44.80145827,2.034361138,-0.267954134,1,0,High Risk
12.32217909,0.226646,0.040661,1.226203394,0.0,0.086061,0.101416,0.40593,203.2311,1.3067,2.3789,90.25799919,-0.01064641,0.157412218,65.19517037,5.310780904,1.660818713,1,0,High Risk
11.05767309,0.183092,0.036438,0.842531012,3.041593527,0.092105,0.11126,0.30992,105.6905,9.86,2.7651,149.8012271,0.048011622,0.0,45.12025832,3.531291492,0.523364486,1,0,High Risk
7.639099197,0.245794,0.022619,1.073595014,64.51463981,0.005842,0.012138,0.180797,87.9414,4.4922,2.2713,29.99777864,-0.015598825,0.517322211,281.7552548,3.386532172,0.023339172,1,0,High Risk
5.216321579,0.183286,0.045379,1.342874042,0.0,0.627129,0.6097,0.468363,61.8661,10.9285,12.4461,0.0,-0.007863045,0.0,0.0,0.0,0.0,1,0,High Risk
12.09075346,0.228486,0.040555,2.037989114,0.0,0.09931,0.136293,0.178945,30.2228,6.1057,65.7002,49.6679126,-0.095295595,0.249739854,34.85216118,4.793675821,-0.310135922,1,0,High Risk
10.0063333,0.184096,0.033722,1.734019232,0.984225566,0.039939,0.041303,0.31939,83.8403,5.9677,10.589,62.89976825,0.006018469,0.059513625,76.77431165,3.209648755,-0.306970509,1,0,High Risk
8.383985484,0.211938,0.033801,1.282093889,0.0,0.004332,0.012111,0.105418,59.8884,7.1738,3.9894,38.90082124,-0.030478177,0.216785906,250.8953678,3.069416003,0.187202201,0,0,High Risk
5.339378418,0.363843,0.016414,1.362976866,0.41514059,0.034177,0.032915,0.522177,-192.6507,10.0677,43.9022,37.88540718,-0.002587539,0.301694686,133.6692226,4.330163237,-0.354686196,1,0,High Risk
12.27128409,0.165935,0.054948,3.46184242,50.85081196,0.695737,0.726478,0.750152,108.656,6.1556,3.5147,59.90073656,-0.010370808,0.06210179,5.491673302,4.123051803,0.711800063,1,0,High Risk
23.26154839,0.089088,0.080719,4.239021646,0.0,0.10971,0.114861,0.40894,89.7235,8.228,3.9738,30.43526335,-0.044998297,0.766340708,30.05974204,3.488056476,0.079173617,1,0,High Risk
22.36538876,0.128245,0.042775,2.783565649,0.0,0.018337,0.028234,0.093649,126.1756,34.9043,2.9792,51.97435723,-0.047282428,0.617307954,189.9415496,5.359773967,-0.448158366,1,0,High Risk
8.557393567,0.196367,0.04901,2.566611155,8.169862662,0.06613,0.078965,0.450982,62.8603,19.0988,5.6199,34.47262709,-0.009231298,0.792623447,32.82907487,2.610366798,-0.312223607,1,0,High Risk
5.449046364,0.249475,0.02958,1.298777168,1.014038734,0.089237,0.106281,0.28911,125.6725,2.2863,26.9027,38.09095798,0.026437838,0.467037362,25.54023944,2.092400889,-0.268785369,1,0,High Risk
3.178109977,0.193496,0.039731,2.603270778,0.0,0.34631,0.376849,0.502879,29.1321,6.5388,6.3922,0.0,-0.011076306,0.0,0.0,0.0,0.0,1,0,High Risk
4.552783088,0.278562,0.023289,0.257944644,5.744967811,0.04787,0.058655,0.462448,368.0644,2.0378,1.3896,32.8750904,0.001957052,0.117440604,33.69478372,1.990563987,-0.218664567,1,0,High Risk
3.668278257,0.292074,0.014118,0.76545159,1.609373443,0.025316,0.016224,0.676436,220.6129,3.1424,2.2042,35.15779407,0.004791279,0.966322611,159.4277469,2.36432132,0.047664188,1,0,High Risk
5.467634156,0.229976,0.021811,1.435458247,0.0,0.249156,0.297736,0.116079,-1.1687,591.5843,47.8622,0.0,0.015847478,0.0,0.0,0.0,0.0,1,0,High Risk
5.220167321,0.439022,0.017146,0.868478235,0.688967871,0.219272,0.309709,0.414407,93.1286,6.7542,5.4859,95.52667419,0.062828572,0.089228132,15.06014833,4.030884846,0.985545335,1,0,High Risk
6.351681809,0.437144,0.02334,1.31288987,30.39460563,0.071432,0.189029,0.625168,-58.7661,7.6014,0.0,39.83819073,-0.026980477,0.0,66.63534608,16.5831288,-0.378787879,1,0,High Risk
4.476798989,0.3341,0.021207,0.746645168,1.376910781,0.149786,0.185701,0.364233,32.9216,3.397,7.1907,0.0,0.036937545,0.0,14.72409319,3.407607203,0.7425,1,0,High Risk
3.812670028,0.422187,0.023269,0.380983017,0.0,0.280546,0.367053,0.332342,136.1852,2.2583,36.3013,0.0,-0.001140248,0.0,0.0,0.0,0.0,1,0,High Risk
3.466012091,0.116252,0.071729,6.073649756,0.0,0.415519,0.404449,0.740806,60.6278,11.479,5.0538,0.0,0.002531083,0.0,0.0,0.0,0.0,1,0,High Risk
1.826739028,0.402434,0.019007,0.419630154,3.021419538,0.150824,0.221524,0.550759,181.1901,1.5516,1.4844,0.0,0.008656344,0.0,0.0,0.0,0.0,1,0,High Risk
4.00345548,0.221426,0.032429,1.625988811,0.0,0.437181,0.622954,0.542386,73.477,15.9506,3.6805,0.0,-0.078353329,0.0,0.0,0.0,0.0,1,0,High Risk
2.762752072,0.090495,0.098256,2.583883081,0.0,0.182837,0.17331,0.745005,1139.5496,1.3103,0.3359,0.0,-0.017161226,0.0,0.0,0.0,0.0,0,0,High Risk
1.558807524,0.424634,0.014708,0.286493431,0.0,0.124865,0.22284,0.786587,-12.6329,12.8512,8.773,0.0,-0.0443198,0.0,0.0,0.0,0.0,1,0,High Risk
1.37975153,0.44111,0.012232,0.309592282,0.734442496,0.180304,0.241066,0.571091,132.574,3.3961,6.2749,0.0,0.036081785,0.0,0.0,0.0,0.0,1,0,High Risk
2.456068782,0.127907,0.074615,3.400518321,0.0,0.176283,0.196932,0.704644,240.0567,1.8347,3.381,0.0,-0.079765272,0.0,0.0,0.0,0.0,1,0,High Risk
2.541691657,0.19211,0.048065,1.208795608,0.0,0.123801,0.145436,0.450661,232.1211,1.587,2.7215,0.0,-0.030431981,0.0,0.0,0.0,0.0,1,0,High Risk
2.017688424,0.220437,0.030981,2.18297861,0.0,0.241788,0.261438,0.743092,155.4875,6.1194,2.9943,0.0,-0.003472399,0.0,0.0,0.0,0.0,1,0,High Risk
22.63286115,0.306927,0.027501,0.635788957,0.96908838,0.029772,0.039524,0.259899,448.4484,1.5221,1.3511,92.95829798,-0.006779797,0.13753806,413.7145451,16.20564078,2.206210587,1,0,High Risk
2.927287641,0.068382,0.135158,7.34875848,0.0,0.091859,0.098551,0.566503,327.3558,1.2278,9.2651,0.0,-0.068754276,0.0,0.0,0.0,0.0,1,0,High Risk
2.639088638,0.226465,0.039644,0.872789689,3.445545028,0.189767,0.192848,0.450486,210.4537,1.5288,119.7216,0.0,0.005149814,0.0,0.0,0.0,0.0,0,0,High Risk
1.950570081,0.422938,0.020892,0.645866782,0.928101523,0.170176,0.274684,0.531043,32.326,2.0002,12.2248,0.0,-0.003579507,0.0,0.0,0.0,0.0,1,0,High Risk
2.523335548,0.311192,0.023263,1.081595829,3.61373173,0.166916,0.201404,0.334052,81.5706,6.9555,4.4787,0.0,0.002113767,0.0,0.0,0.0,0.0,1,0,High Risk
52.62878058,0.11357,0.118696,2.907976749,6.157346953,0.038574,0.035153,0.306542,24.779,13.0873,42.5466,60.64863196,-0.035409227,0.0,318.2262726,10.74198211,-0.460117683,0,0,High Risk
1.744296235,0.271368,0.013903,0.564548896,1.59274176,0.159359,0.185325,0.614899,114.7468,13.0576,2.1147,0.0,0.019020154,0.0,0.0,0.0,0.0,1,0,High Risk
0.751519963,0.514841,0.014643,0.474759158,0.453102029,0.058686,0.102072,0.634533,316.7099,3.0689,1.2739,0.0,0.010903996,0.0,0.0,0.0,0.0,1,0,High Risk
2.115819827,0.391166,0.007342,0.061313749,1.537102966,0.255263,0.363404,0.369784,39.8512,7.7812,7.5558,0.0,0.021943322,0.0,0.0,0.0,0.0,1,0,High Risk
3.152048045,0.157282,0.050648,0.830282262,12.37134467,0.200739,0.213419,0.361605,173.5668,1.9935,10.1403,0.0,0.035858886,0.0,0.0,0.0,0.0,1,0,High Risk
14.08879714,0.179034,0.031416,2.053624542,35.80691719,0.095735,0.085178,0.469889,61.1767,10.3664,4.8773,70.50610332,-0.000107567,0.671755725,59.51775303,4.972551235,0.724200913,1,0,High Risk
1.75785085,0.473222,0.005916,0.515218234,5.421741263,0.263819,0.476509,0.572893,-6.4085,23415.9145,0.0,0.0,0.003203226,0.0,0.0,0.0,0.0,1,0,High Risk
2.557892798,0.194666,0.026977,1.39065653,0.0,0.356434,0.357983,0.568605,58.8389,2438.5653,4.3192,0.0,-0.010103062,0.0,0.0,0.0,0.0,1,0,High Risk
1.462435504,0.571287,0.015958,0.731142178,0.358211306,0.13018,0.233051,0.69736,98.7121,2.2762,5.2958,0.0,0.003977508,0.0,0.0,0.0,0.0,0,0,High Risk
2.118034302,0.413384,0.020893,0.518158641,3.468610471,0.175433,0.244027,0.416628,142.1141,3.0789,2.5901,0.0,-0.013209006,0.0,0.0,0.0,0.0,1,0,High Risk
17.5146687,0.235169,0.02581,0.892477341,1.549153408,0.045137,0.049507,0.296397,255.2702,3.1364,1.6904,63.18197039,0.005017815,0.144478844,187.7684824,9.2733845,1.958769231,1,0,High Risk
45.94322646,0.136105,0.054299,4.195285499,1123.774508,0.10986,0.112703,0.701163,232.0558,4.9274,1.7609,52.21352405,-0.062801968,0.0,107.4650996,11.22161243,-0.024867983,1,0,High Risk
2.130738361,0.121536,0.042629,0.69365238,2.966527523,0.102941,0.104792,0.403029,205.9291,5.0534,2.4426,0.0,0.030691331,0.0,0.0,0.0,0.0,1,0,High Risk
2.163116196,0.318922,0.018475,0.18838521,1.201088734,0.14851,0.175441,0.193053,101.4523,7.9662,4.4083,0.0,-0.009151405,0.0,0.0,0.0,0.0,1,0,High Risk
21.29194925,0.17402,0.044005,0.984415743,2.47453975,0.042224,0.039032,0.259867,69.2844,4.9455,5.1332,46.61191844,-0.016758841,0.588366253,182.9620153,7.087008276,-0.487346593,1,0,High Risk
5.197857557,0.341601,0.019957,0.490884843,7.089527884,0.115119,0.151196,0.208339,147.7486,4.0799,2.2303,68.52871971,-0.033570238,0.0,23.01914279,3.576168473,0.504659691,1,0,High Risk
21.8880635,0.196197,0.046484,1.360188905,0.0,0.081269,0.078375,0.245851,107.6998,2.7051,6.7617,63.08177501,-0.036919447,0.0,105.7139024,8.27903259,-0.095048922,1,0,High Risk
3.564245363,0.254865,0.027889,0.659881109,0.0,0.377773,0.443578,0.34745,75.7512,7.5617,5.7384,0.0,-0.052960878,0.0,0.0,0.0,0.0,1,0,High Risk
2.792888507,0.419181,0.017145,0.618544752,0.986629569,0.088001,0.0895,0.623315,139.7306,5.2369,2.6817,37.48331869,0.017297997,0.08961289,34.91307598,2.886423186,-0.278689019,1,0,High Risk
1.965064495,0.114054,0.047665,0.77155197,1388.038647,0.18328,0.178697,0.368249,122.5483,3.1187,4.5508,0.0,-0.004299813,0.0,0.0,0.0,0.0,1,0,High Risk
1.464354146,0.406477,0.014237,0.649222681,1.119915369,0.111903,0.13863,0.355919,122.5867,6.908,2.6994,0.0,-0.026189603,0.0,0.0,0.0,0.0,1,0,High Risk
19.20661557,0.137648,0.047537,2.654626795,1367.833855,0.16085,0.164524,0.598766,141.6164,14.8848,1.9219,40.42954491,-0.031376167,0.610082773,28.95581026,4.780168417,-0.183480523,1,0,High Risk
2.11880226,0.188241,0.031271,0.80619912,0.0,0.215754,0.227279,0.46963,121.9665,4.1112,3.2595,0.0,0.014967012,0.0,0.0,0.0,0.0,1,0,High Risk
2.204091611,0.376523,0.017492,0.660970821,3.853391379,0.157351,0.214216,0.407836,42.4084,5.8073,4.472,0.0,-0.007878458,0.0,0.0,0.0,0.0,1,0,High Risk
2.290218591,0.296201,0.027814,0.755688066,1.463591076,0.188933,0.221734,0.520623,275.677,1.8078,2.287,0.0,0.014337688,0.0,0.0,0.0,0.0,1,0,High Risk
1.96000995,0.252232,0.025219,0.39563461,0.0,0.08726,0.093771,0.291059,167.1689,2.0324,0.0,0.0,-0.002636567,0.0,0.0,0.0,0.0,1,0,High Risk
2.913432397,0.271653,0.038665,0.86040446,2.78467447,0.212907,0.251955,0.399995,307.8919,2.3829,1.6375,0.0,0.004667317,0.0,0.0,0.0,0.0,1,0,High Risk
2.2034115,0.230893,0.02437,0.652744567,0.0,0.158734,0.180739,0.361496,133.5897,4.8002,2.5144,0.0,-0.000920131,0.0,0.0,0.0,0.0,1,0,High Risk
19.01126504,0.118318,0.062986,4.591005496,0.0,0.027042,0.015527,0.108406,61.4771,8.8088,4.8569,86.5128603,-0.04046978,1.0,296.2484739,4.550951795,1.458418387,1,0,High Risk
2.461808041,0.330301,0.025198,0.231100885,2.156460726,0.237893,0.301991,0.484743,205.9718,1.3645,0.0,0.0,0.012534643,0.0,0.0,0.0,0.0,0,0,High Risk
39.17339292,0.078775,0.089824,0.979048519,68.48619406,0.01487,0.016411,0.254444,369.6147,1.3007,1.6922,45.06298831,-0.0272419,0.67319046,341.8790303,5.61108253,-0.107155123,1,0,High Risk
2.327545974,0.324176,0.015402,1.124992729,2.39788233,0.262587,0.321855,0.287427,-29.7336,32.7898,51.593,0.0,0.003129799,0.0,0.0,0.0,0.0,1,0,High Risk
2.490753886,0.160599,0.040862,2.597660588,6.910991006,0.177856,0.178531,0.420886,85.4376,6.0387,5.3727,0.0,-0.017689764,0.0,0.0,0.0,0.0,1,0,High Risk
1.33329326,0.332876,0.014059,0.150309072,3.093931262,0.13231,0.168521,0.406242,125.9064,3.0932,2.9154,0.0,-0.0022289,0.0,0.0,0.0,0.0,1,0,High Risk
12.39505892,0.318364,0.028328,0.948423524,3.123010253,0.093971,0.121699,0.389496,177.4093,1.9756,2.5441,227.095439,0.013171743,0.206217759,87.57853272,13.44429774,3.646530612,1,0,High Risk
10.86090541,0.266302,0.023995,0.447355955,2.127771234,0.083071,0.098739,0.231491,175.1329,4.6089,2.1626,211.8071758,0.015979178,0.0,75.51239758,9.360945324,2.760227273,1,0,High Risk
0.849085634,0.300904,0.025634,1.387551957,0.0,0.012706,0.023482,0.419216,96.9123,0.0,3.7147,0.0,0.027231297,0.0,0.0,0.0,0.0,1,0,High Risk
2.023356605,0.22898,0.030436,0.923484051,1.080580823,0.09517,0.09829,0.478603,344.3286,1.3293,1.793,0.0,-0.020504867,0.0,0.0,0.0,0.0,1,0,High Risk
2.134580803,0.409856,0.015508,0.95743209,0.0,0.168685,0.25285,0.378549,-34.298,15.3773,9.3616,0.0,-0.012459001,0.0,0.0,0.0,0.0,1,0,High Risk
2.79745148,0.562803,0.009548,0.226159625,1.644667111,0.296341,0.492245,0.411293,59.2714,18.5292,4.468,0.0,0.011511916,0.0,0.0,0.0,0.0,1,0,High Risk
2.664570026,0.486228,0.020106,0.456452194,4.093473882,0.22432,0.373395,0.365814,107.4351,3.0071,4.1685,0.0,0.002038568,0.0,0.0,0.0,0.0,1,0,High Risk
17.78537149,0.203995,0.034104,2.153174465,-0.048623818,-0.023121,-0.027876,0.0748,167.8385,3.9092,3.2913,75.28840697,-0.003573308,0.774705418,-263.9402792,7.073548973,1.339649123,1,0,High Risk
2.356285824,0.382285,0.015029,0.380624908,0.995185661,0.195598,0.249749,0.291098,86.7312,5.8993,4.0467,0.0,-0.039516234,0.0,0.0,0.0,0.0,1,0,High Risk
2.33731144,0.26318,0.025304,0.137188947,4.056790243,0.201321,0.236075,0.40558,144.6121,3.8842,3.1306,0.0,0.031745514,0.0,0.0,0.0,0.0,1,0,High Risk
3.308845954,0.17689,0.055726,3.63554717,0.0,0.500326,0.55381,0.501015,81.1828,6.6206,3.8306,0.0,-0.016808664,0.0,0.0,0.0,0.0,1,0,High Risk
1.33640937,0.535884,0.015036,0.335825157,1.255148925,0.135634,0.204002,0.534737,526.6553,2.2265,0.7084,0.0,0.003829566,0.0,0.0,0.0,0.0,1,0,High Risk
1.449168628,0.689043,0.012318,0.181791322,5.896394645,0.194142,0.558431,0.384987,272.7466,4.4933,1.2205,0.0,0.001735548,0.0,0.0,0.0,0.0,1,0,High Risk
1.690907631,0.562843,0.014379,0.869901082,503.005176,0.108562,0.248593,0.959294,-755.1908,14.7635,3.2801,0.0,-0.00248878,0.0,0.0,0.0,0.0,1,0,High Risk
2.022413603,0.428422,0.020643,0.413736599,10.57783763,0.194167,0.245376,0.353153,122.2276,3.7813,2.161,0.0,0.006933975,0.0,0.0,0.0,0.0,1,0,High Risk
1.388331938,0.437243,0.016341,0.056939348,0.519821045,0.134012,0.182239,0.455625,172.0067,2.1332,1.9472,0.0,0.02142148,0.0,0.0,0.0,0.0,1,0,High Risk
6.169701049,0.280564,0.006574,0.149365408,0.626147836,0.003993,0.029401,0.244394,-301.5633,2.6471,1.9972,66.77789189,0.005090407,0.0,216.6438224,6.211839261,0.773195876,1,0,High Risk
33.1972,0.1,0.06,4.74,1.34,0.07,0.1,0.16,117.47,5.33,1.91,44.068,0.075677532,0.9832,-111.5626,5.78,-0.1331,0,0,High Risk
5.0246,0.14,0.05,1.55,0.0,0.01,0.01,0.42,199.02,2.63,2.1,34.8784,0.008232555,0.543,50.7269,0.93,0.0706,1,0,High Risk
17.9084,0.09,0.14,0.7,0.0,0.2,0.2,0.17,513.2,3.35,0.78,25.8122,-0.002474197,0.9916,94.732,2.79,-0.5117,1,0,High Risk
6.123,0.32,0.02,0.81,0.86,0.04,0.05,0.6,2.11,2.72,2.05,71.1243,0.009054215,0.9464,71.642,3.91,-0.2467,1,0,High Risk
20.9466,0.25,0.03,1.37,2.09,0.16,0.19,0.39,154.51,127.94,1.79,34.0836,0.028614478,0.7997,57.7824,11.22,0.37,1,0,High Risk
7.1627,0.13,0.05,1.12,20.83,0.05,0.07,0.3,-5.52,16.83,10.43,42.2194,-0.085606406,0.9973,21.0842,1.43,-0.5047,1,0,High Risk
22.5946,0.03,0.23,5.61,-64.26,-0.48,-0.52,0.54,292.79,0.97,0.0,42.1409,-0.159722696,1.0,-1.6962,1.33,-0.2272,1,0,High Risk
5.6129,0.5,0.02,0.86,1.5,0.53,0.74,0.73,-25.89,18.9,4.89,42.8141,-0.008791363,0.5177,12.6013,7.24,-0.4423,1,0,High Risk
8.5733,0.15,0.05,1.49,1.74,0.07,0.07,0.46,1073.64,8.0,0.33,33.0302,0.0251523,1.0,39.5708,2.3,0.1256,1,0,High Risk
5.3678,0.21,0.03,1.28,0.89,0.1,0.09,0.42,74.82,5.12,8.56,25.5347,0.015952041,0.9372,22.7964,2.14,0.0416,1,0,High Risk
24.128,0.11,0.04,2.18,1.34,0.07,0.07,0.73,249.42,4.48,2.1,36.3619,0.025045386,0.87,88.8767,4.8,-0.4268,1,0,High Risk
1.8169,0.29,0.01,0.36,0.68,0.13,0.14,0.68,9.25,5.9,22.08,38.6302,0.024146517,0.7664,11.9989,0.93,-0.5559,1,0,High Risk
14.7267,0.14,0.03,0.65,0.0,0.0,0.0,0.27,232.46,1.57,4.16,27.2338,-0.033990295,0.9986,297.1687,4.09,-0.1769,1,0,High Risk
6.0561,0.24,0.02,0.62,0.0,-0.08,-0.05,0.64,155.13,13.8,1.37,81.5151,0.025743082,0.5667,27.2652,2.57,0.1567,1,0,High Risk
8.2395,0.15,0.01,0.9,0.0,0.05,0.06,0.85,-26.16,8.33,28121.32,47.4556,0.011516689,0.9272,41.5008,2.36,-0.2596,1,0,High Risk
3.7851,0.19,0.02,0.43,1.27,0.11,0.11,0.48,92.4,1.6,32.22,36.9434,0.010047858,1.0,13.4372,1.24,-0.4733,1,0,High Risk
3.3802,0.43,0.02,0.37,0.68,0.17,0.24,0.56,246.77,2.11,1.18,44.0724,0.020462955,0.7371,18.4879,3.16,-0.1269,1,0,High Risk
24.4875,0.06,0.05,2.06,1.2,0.05,0.04,0.35,51.03,4.29,0.0,28.0415,-0.004885015,0.9921,58.7994,2.42,-0.3248,1,0,High Risk
6.8431,0.32,0.03,1.8,0.77,0.09,0.11,0.53,60.94,4.92,4.47,31.4897,0.012705661,0.1596,47.9015,4.74,-0.2262,1,0,High Risk
4.8404,0.23,0.04,1.13,0.23,0.01,0.02,0.47,421.7,1.32,1.0,67.62,0.003081183,0.9999,64.2389,1.71,-0.4855,1,0,High Risk
48.9241,0.03,0.65,21.77,0.0,0.05,0.04,0.0,311.39,1.16,0.0,34.4275,-0.011716495,1.0,87.0188,2.37,-0.1748,1,0,High Risk
8.6212,0.14,0.03,2.37,0.65,0.05,0.05,0.64,70.31,5.22,6.07,32.0105,0.025984505,1.0,68.4346,3.38,-0.128,1,0,High Risk
350.6227,0.01,0.61,40.76,0.0,0.01,0.01,0.91,265.2,1.31,0.0,97.333,-0.032274394,1.0,537.0722,5.71,-0.0421,1,0,High Risk
6.923,0.3,0.02,0.23,1.83,0.17,0.19,0.4,127.02,4.3,3.22,30.0617,0.025645348,0.5125,32.7746,5.7,0.195,1,0,High Risk
10.7546,0.17,0.02,0.75,4.03,0.0,0.0,0.44,-142.83,1.82,0.0,37.8041,0.001276444,0.9755,-27.1033,9.05,-0.4772,1,0,High Risk
11.3289,0.12,0.06,1.87,0.0,0.13,0.13,0.35,95.51,9.14,2.65,40.3644,0.016537955,0.9206,22.2421,2.4,0.0831,1,0,High Risk
6.2916,0.24,0.03,1.97,0.32,0.03,0.03,0.18,81.94,3.85,4.53,66.3303,0.027165681,0.1919,227.9024,3.04,0.2236,1,0,High Risk
2.2383,0.62,0.02,0.77,0.48,0.15,0.31,0.65,1358.44,228.76,0.23,51.6156,-0.002581495,0.2284,14.3179,3.48,-0.2062,1,0,High Risk
20.4611,0.22,0.06,2.67,0.0,0.03,0.04,0.44,294.11,1.76,1.11,70.7357,0.003195022,0.2155,269.7789,9.55,0.8953,1,0,High Risk
17.2766,0.15,0.03,1.22,4.66,0.34,0.39,0.78,-66.6,4.09,0.0,33.1235,-0.010235372,0.6631,15.0376,5.83,0.1611,1,0,High Risk
17.4457,0.16,0.03,0.79,3.79,0.2,0.19,0.69,94.49,7.42,2.31,45.0067,0.040370293,0.9739,26.2285,5.56,0.0395,1,0,High Risk
23.4984,0.46,0.02,0.51,2.34,0.32,0.49,0.49,92.36,2.46,7.56,64.5168,0.005626804,0.4465,84.6752,33.69,0.7308,1,0,High Risk
43.7623,0.12,0.04,1.0,0.0,0.03,0.04,0.33,78.79,4.69,5.35,53.1549,-0.094421866,0.9988,282.703,9.35,-0.6172,1,0,High Risk
3.5983,0.53,0.04,2.05,0.2,0.09,0.14,0.55,50.92,3.53,6.27,57.1705,0.014773694,0.5823,43.463,5.15,0.2921,1,0,High Risk
18.2363,0.23,0.02,0.8,13.6,0.12,0.13,0.34,71.71,30.6,3.53,46.7156,-0.000853603,0.1815,63.2287,8.61,-0.3553,1,0,High Risk
7.7722,0.24,0.02,0.3,1.13,0.13,0.11,0.84,-26.45,4.27,0.0,22.9359,0.003470604,0.9978,27.7157,2.78,-0.185,1,0,High Risk
7.1038,0.17,0.05,1.82,0.0,0.06,0.06,0.46,298.12,1.83,1.83,35.9715,-0.031525198,0.3663,27.0669,1.77,-0.1354,1,0,High Risk
